Order_ID,Order_Date,Product_ID,Customer_ID,Quantity,Channel
ORD00001,2024-10-26,P003,C0371,4,Web
ORD00002,2025-10-30,P003,C0313,3,App
ORD00003,2025-12-22,P002,C0485,2,Web
ORD00004,2026-04-20,P005,C0328,2,Web
ORD00005,2026-05-27,P003,C0007,4,Web
ORD00006,2024-05-26,P002,C0206,1,Web
ORD00007,2025-04-27,P006,C0440,3,Web
ORD00008,2026-06-01,P005,C0375,2,Retail Partner
ORD00009,2024-09-17,P006,C0451,2,Web
ORD00010,2025-10-17,P004,C0114,1,App
ORD00011,2025-11-03,P003,C0272,1,Web
ORD00012,2024-07-25,P003,C0083,3,Web
ORD00013,2025-04-24,P006,C0179,4,Retail Partner
ORD00014,2025-12-12,P005,C0210,1,Retail Partner
ORD00015,2025-02-12,P001,C0500,4,Web
ORD00016,2025-12-05,P001,C0464,3,Retail Partner
ORD00017,2024-05-03,P002,C0328,4,Web
ORD00018,2026-04-27,P005,C0124,2,Web
ORD00019,2025-08-26,P006,C0481,4,App
ORD00020,2025-05-06,P002,C0113,3,Web
ORD00021,2024-12-05,P003,C0012,3,Web
ORD00022,2024-02-18,P002,C0126,3,App
ORD00023,2024-08-23,P006,C0053,4,App
ORD00024,2024-04-26,P005,C0331,2,Web
ORD00025,2025-06-26,P005,C0389,1,Web
ORD00026,2024-05-16,P003,C0283,2,Web
ORD00027,2024-06-30,P003,C0140,4,App
ORD00028,2026-03-17,P002,C0401,4,App
ORD00029,2025-03-10,P001,C0390,1,Web
ORD00030,2024-08-08,P005,C0097,4,Web
ORD00031,2025-07-02,P005,C0005,3,Web
ORD00032,2024-02-28,P006,C0057,3,Retail Partner
ORD00033,2025-06-12,P006,C0412,3,Retail Partner
ORD00034,2024-10-30,P003,C0334,3,Retail Partner
ORD00035,2024-07-22,P005,C0069,3,App
ORD00036,2026-02-26,P006,C0118,4,Web
ORD00037,2024-12-20,P005,C0376,1,Web
ORD00038,2025-01-17,P002,C0059,1,Web
ORD00039,2024-11-11,P003,C0033,3,Web
ORD00040,2025-09-05,P002,C0318,4,Web
ORD00041,2024-08-24,P006,C0050,2,Web
ORD00042,2025-11-11,P003,C0368,2,Retail Partner
ORD00043,2025-03-08,P002,C0489,4,App
ORD00044,2024-05-19,P003,C0019,3,Web
ORD00045,2026-05-28,P003,C0214,1,Web
ORD00046,2025-10-04,P002,C0197,4,Web
ORD00047,2025-11-06,P002,C0379,2,Retail Partner
ORD00048,2026-04-29,P003,C0450,2,Retail Partner
ORD00049,2024-10-25,P003,C0478,2,Web
ORD00050,2025-08-02,P005,C0047,3,Web
ORD00051,2024-10-28,P003,C0167,2,Web
ORD00052,2024-12-28,P005,C0452,4,Web
ORD00053,2025-08-28,P003,C0289,4,Web
ORD00054,2025-04-05,P003,C0141,2,App
ORD00055,2024-05-05,P005,C0084,4,App
ORD00056,2024-06-06,P003,C0182,2,Web
ORD00057,2025-05-13,P002,C0391,2,Retail Partner
ORD00058,2025-09-26,P001,C0079,1,App
ORD00059,2025-04-20,P005,C0215,3,Web
ORD00060,2024-03-16,P003,C0014,3,Web
ORD00061,2026-05-24,P004,C0215,1,App
ORD00062,2024-05-29,P002,C0403,1,Web
ORD00063,2024-11-18,P002,C0128,3,App
ORD00064,2024-04-01,P001,C0310,2,App
ORD00065,2024-11-03,P002,C0477,2,Retail Partner
ORD00066,2024-08-12,P003,C0248,3,App
ORD00067,2025-02-05,P002,C0404,2,Retail Partner
ORD00068,2024-09-30,P003,C0029,1,Retail Partner
ORD00069,2026-02-25,P006,C0280,2,Web
ORD00070,2025-10-25,P002,C0338,2,Web
ORD00071,2024-06-15,P003,C0319,4,Web
ORD00072,2025-05-23,P005,C0202,4,Retail Partner
ORD00073,2025-12-10,P002,C0361,4,Web
ORD00074,2025-01-09,P003,C0057,2,Web
ORD00075,2025-06-11,P005,C0392,3,Web
ORD00076,2024-07-20,P006,C0218,1,Retail Partner
ORD00077,2024-02-02,P002,C0062,2,App
ORD00078,2024-07-09,P006,C0157,3,App
ORD00079,2026-04-07,P003,C0202,2,Web
ORD00080,2025-08-05,P002,C0017,1,App
ORD00081,2024-10-06,P003,C0322,2,Retail Partner
ORD00082,2025-02-05,P006,C0006,1,Web
ORD00083,2025-11-03,P003,C0058,2,Web
ORD00084,2025-09-28,P002,C0325,1,Web
ORD00085,2025-12-30,P003,C0412,2,App
ORD00086,2026-04-06,P002,C0318,1,Web
ORD00087,2024-06-04,P001,C0169,4,Web
ORD00088,2024-08-26,P002,C0453,2,Retail Partner
ORD00089,2025-04-10,P002,C0082,2,Web
ORD00090,2025-01-29,P002,C0474,3,Web
ORD00091,2026-05-04,P002,C0468,3,Retail Partner
ORD00092,2025-09-11,P003,C0425,1,Web
ORD00093,2026-01-13,P002,C0433,2,Retail Partner
ORD00094,2026-03-18,P002,C0219,1,Web
ORD00095,2025-02-02,P005,C0177,4,Retail Partner
ORD00096,2024-05-18,P003,C0204,3,Retail Partner
ORD00097,2026-03-12,P003,C0071,1,Web
ORD00098,2024-03-23,P002,C0387,1,Web
ORD00099,2024-03-16,P002,C0266,3,Retail Partner
ORD00100,2025-09-17,P001,C0098,2,Retail Partner
ORD00101,2025-01-26,P002,C0345,1,Retail Partner
ORD00102,2026-06-04,P002,C0291,3,App
ORD00103,2025-01-17,P002,C0208,2,Web
ORD00104,2025-10-22,P001,C0002,4,Web
ORD00105,2024-03-10,P002,C0124,3,App
ORD00106,2025-06-13,P003,C0280,1,Web
ORD00107,2025-02-19,P002,C0074,4,Web
ORD00108,2024-05-15,P002,C0166,2,Web
ORD00109,2024-04-07,P003,C0022,2,Web
ORD00110,2024-12-21,P003,C0154,3,Web
ORD00111,2024-04-23,P001,C0427,3,App
ORD00112,2025-09-03,P005,C0439,3,Web
ORD00113,2025-07-17,P003,C0295,2,Web
ORD00114,2025-06-06,P001,C0219,4,App
ORD00115,2025-09-11,P005,C0157,2,App
ORD00116,2025-09-02,P006,C0495,1,Web
ORD00117,2025-04-30,P001,C0230,2,Web
ORD00118,2024-12-17,P002,C0020,1,App
ORD00119,2025-10-15,P005,C0475,4,Retail Partner
ORD00120,2025-07-25,P004,C0041,3,Retail Partner
ORD00121,2025-03-19,P002,C0438,3,App
ORD00122,2024-06-16,P002,C0148,2,Retail Partner
ORD00123,2024-08-10,P002,C0108,3,Web
ORD00124,2025-10-29,P003,C0403,4,Retail Partner
ORD00125,2025-11-29,P003,C0084,3,Web
ORD00126,2025-07-03,P002,C0483,2,Retail Partner
ORD00127,2025-10-26,P003,C0367,4,Retail Partner
ORD00128,2025-11-26,P004,C0322,1,Web
ORD00129,2024-10-08,P001,C0414,2,Web
ORD00130,2026-04-20,P002,C0309,1,Web
ORD00131,2026-03-19,P004,C0290,4,Web
ORD00132,2024-09-09,P005,C0406,2,Retail Partner
ORD00133,2025-11-19,P003,C0323,2,Web
ORD00134,2024-10-24,P003,C0134,4,Retail Partner
ORD00135,2024-04-14,P002,C0207,3,Web
ORD00136,2025-06-07,P003,C0283,2,Retail Partner
ORD00137,2025-01-13,P003,C0266,2,App
ORD00138,2026-05-31,P002,C0073,1,Retail Partner
ORD00139,2024-12-04,P002,C0481,3,Web
ORD00140,2025-03-22,P002,C0352,1,App
ORD00141,2024-03-30,P001,C0048,1,Web
ORD00142,2024-07-18,P002,C0326,3,Web
ORD00143,2024-12-22,P002,C0233,3,Web
ORD00144,2026-03-05,P002,C0443,4,Web
ORD00145,2024-05-24,P002,C0100,3,App
ORD00146,2025-05-18,P005,C0059,2,Web
ORD00147,2025-06-29,P003,C0258,3,Retail Partner
ORD00148,2025-07-25,P003,C0413,4,Retail Partner
ORD00149,2024-10-07,P005,C0452,4,Web
ORD00150,2025-08-10,P003,C0065,4,Retail Partner
ORD00151,2025-04-08,P001,C0083,3,Web
ORD00152,2025-08-31,P003,C0154,3,Web
ORD00153,2025-10-11,P003,C0473,1,Web
ORD00154,2024-03-26,P004,C0266,1,App
ORD00155,2024-07-26,P003,C0309,2,App
ORD00156,2024-10-22,P002,C0079,1,Web
ORD00157,2026-05-15,P002,C0315,2,Web
ORD00158,2025-03-29,P002,C0150,4,Retail Partner
ORD00159,2025-03-30,P003,C0435,1,Web
ORD00160,2025-03-03,P003,C0048,3,App
ORD00161,2025-09-25,P002,C0405,1,Web
ORD00162,2024-05-22,P006,C0379,2,Web
ORD00163,2024-10-03,P003,C0248,1,App
ORD00164,2025-04-01,P002,C0278,4,Web
ORD00165,2026-05-07,P002,C0356,3,App
ORD00166,2024-11-08,P002,C0098,2,App
ORD00167,2024-12-02,P002,C0414,3,Web
ORD00168,2025-07-14,P002,C0025,3,Web
ORD00169,2025-07-15,P002,C0493,2,App
ORD00170,2025-06-02,P002,C0284,3,App
ORD00171,2024-09-15,P002,C0449,3,Web
ORD00172,2024-02-29,P005,C0369,1,App
ORD00173,2025-04-18,P001,C0301,3,Web
ORD00174,2025-08-11,P003,C0068,3,Web
ORD00175,2025-10-26,P003,C0007,3,App
ORD00176,2025-04-26,P006,C0305,3,Web
ORD00177,2025-07-02,P002,C0137,2,App
ORD00178,2024-05-11,P002,C0164,4,Web
ORD00179,2026-02-10,P006,C0083,1,Retail Partner
ORD00180,2026-03-28,P005,C0385,3,Web
ORD00181,2026-04-09,P005,C0138,3,Web
ORD00182,2024-07-23,P002,C0420,2,Retail Partner
ORD00183,2024-06-25,P002,C0073,4,Web
ORD00184,2026-03-11,P003,C0237,3,Web
ORD00185,2025-05-01,P006,C0046,2,Web
ORD00186,2026-01-30,P003,C0106,1,Web
ORD00187,2024-02-06,P003,C0416,1,App
ORD00188,2025-09-15,P002,C0288,3,Web
ORD00189,2024-11-08,P005,C0262,3,Web
ORD00190,2026-03-24,P002,C0176,4,Web
ORD00191,2024-03-24,P002,C0166,4,Web
ORD00192,2025-08-30,P003,C0145,3,Web
ORD00193,2025-11-11,P003,C0330,2,Web
ORD00194,2025-04-17,P002,C0370,4,Web
ORD00195,2026-01-18,P002,C0283,3,Retail Partner
ORD00196,2025-09-17,P003,C0054,4,App
ORD00197,2024-12-18,P002,C0178,3,Web
ORD00198,2024-11-06,P003,C0419,1,Web
ORD00199,2024-07-31,P002,C0244,3,Web
ORD00200,2024-03-07,P003,C0341,1,Web
ORD00201,2024-10-25,P003,C0127,4,Web
ORD00202,2024-02-03,P001,C0409,3,Web
ORD00203,2024-12-24,P002,C0412,4,Web
ORD00204,2026-05-21,P002,C0367,1,Web
ORD00205,2024-12-17,P001,C0271,3,Web
ORD00206,2024-10-04,P006,C0132,4,Web
ORD00207,2025-09-27,P002,C0093,1,Web
ORD00208,2025-05-04,P005,C0379,4,Web
ORD00209,2024-11-24,P002,C0073,2,Web
ORD00210,2025-11-14,P003,C0411,1,Web
ORD00211,2025-06-27,P005,C0410,1,Web
ORD00212,2025-11-02,P003,C0403,1,Web
ORD00213,2024-06-24,P003,C0248,3,Web
ORD00214,2025-09-14,P003,C0348,3,Web
ORD00215,2025-01-07,P002,C0273,3,Web
ORD00216,2024-08-28,P006,C0043,2,Web
ORD00217,2024-04-22,P005,C0377,2,Retail Partner
ORD00218,2025-12-02,P006,C0041,1,Web
ORD00219,2025-01-03,P002,C0170,2,Web
ORD00220,2024-05-01,P004,C0434,4,App
ORD00221,2024-12-06,P006,C0212,1,Web
ORD00222,2025-02-10,P002,C0493,1,Web
ORD00223,2024-02-09,P001,C0168,4,App
ORD00224,2025-03-20,P004,C0039,1,App
ORD00225,2025-10-03,P003,C0369,2,Web
ORD00226,2025-01-20,P005,C0245,3,Web
ORD00227,2024-06-09,P002,C0151,4,Web
ORD00228,2025-05-28,P005,C0111,2,Web
ORD00229,2025-01-31,P002,C0480,4,Web
ORD00230,2024-11-22,P002,C0436,4,Web
ORD00231,2024-04-16,P002,C0047,1,Web
ORD00232,2026-04-16,P005,C0063,1,App
ORD00233,2025-07-27,P003,C0225,2,App
ORD00234,2025-02-08,P003,C0366,4,Web
ORD00235,2026-01-13,P002,C0069,1,Retail Partner
ORD00236,2025-10-12,P005,C0299,1,Web
ORD00237,2025-12-08,P002,C0432,4,App
ORD00238,2025-02-27,P005,C0290,2,Web
ORD00239,2025-01-04,P003,C0296,2,Web
ORD00240,2024-07-25,P002,C0203,4,Web
ORD00241,2025-07-10,P003,C0061,2,Web
ORD00242,2026-02-28,P002,C0434,1,Web
ORD00243,2024-11-14,P004,C0451,4,Retail Partner
ORD00244,2024-07-19,P003,C0318,1,Retail Partner
ORD00245,2025-01-28,P002,C0314,3,Web
ORD00246,2024-04-08,P005,C0161,3,Web
ORD00247,2024-03-28,P002,C0331,2,Web
ORD00248,2026-02-18,P003,C0016,3,App
ORD00249,2024-10-14,P006,C0338,1,App
ORD00250,2025-01-07,P003,C0094,3,App
ORD00251,2024-04-26,P002,C0304,1,App
ORD00252,2025-02-19,P006,C0138,2,Web
ORD00253,2025-06-07,P003,C0338,2,Web
ORD00254,2025-03-21,P002,C0038,1,Web
ORD00255,2025-04-12,P002,C0127,3,App
ORD00256,2025-11-10,P005,C0275,2,Web
ORD00257,2025-10-04,P003,C0164,4,Web
ORD00258,2025-05-15,P003,C0443,2,App
ORD00259,2024-11-04,P005,C0319,3,Web
ORD00260,2024-12-29,P005,C0077,4,Web
ORD00261,2025-03-20,P002,C0174,3,Retail Partner
ORD00262,2024-02-07,P002,C0387,1,Web
ORD00263,2025-05-05,P002,C0458,4,Web
ORD00264,2024-11-02,P004,C0358,3,Retail Partner
ORD00265,2025-02-24,P001,C0321,4,Retail Partner
ORD00266,2026-03-13,P003,C0376,3,App
ORD00267,2025-04-03,P005,C0091,4,Web
ORD00268,2024-05-07,P005,C0238,3,Web
ORD00269,2025-08-23,P002,C0264,1,Retail Partner
ORD00270,2025-02-15,P005,C0179,4,Web
ORD00271,2024-02-16,P002,C0494,4,Web
ORD00272,2024-11-21,P005,C0490,4,Retail Partner
ORD00273,2025-11-01,P002,C0209,4,Web
ORD00274,2024-09-04,P002,C0073,1,Web
ORD00275,2024-03-04,P005,C0390,4,Web
ORD00276,2025-04-23,P002,C0107,2,Web
ORD00277,2024-12-23,P002,C0345,1,Web
ORD00278,2024-10-21,P004,C0295,2,Web
ORD00279,2025-06-02,P004,C0369,4,Retail Partner
ORD00280,2025-03-01,P003,C0444,3,App
ORD00281,2024-11-24,P003,C0284,2,Web
ORD00282,2025-11-25,P003,C0353,4,Web
ORD00283,2024-04-02,P002,C0182,2,Web
ORD00284,2025-01-21,P002,C0037,4,Web
ORD00285,2024-07-05,P002,C0137,4,Retail Partner
ORD00286,2025-06-15,P006,C0338,4,Retail Partner
ORD00287,2024-09-03,P003,C0056,3,Retail Partner
ORD00288,2025-10-13,P003,C0187,2,Web
ORD00289,2025-10-10,P003,C0341,1,Web
ORD00290,2026-04-11,P006,C0258,1,Web
ORD00291,2024-03-17,P002,C0445,1,Web
ORD00292,2025-08-17,P003,C0058,1,Retail Partner
ORD00293,2024-08-15,P003,C0363,4,App
ORD00294,2024-11-14,P003,C0123,2,Web
ORD00295,2024-11-16,P001,C0188,2,Retail Partner
ORD00296,2026-03-22,P005,C0230,3,Web
ORD00297,2024-09-24,P006,C0168,2,Web
ORD00298,2024-07-03,P003,C0420,2,Web
ORD00299,2025-12-01,P003,C0114,2,Web
ORD00300,2026-01-28,P006,C0252,3,Web
ORD00301,2025-02-28,P004,C0107,1,Retail Partner
ORD00302,2024-06-26,P002,C0037,2,App
ORD00303,2024-08-14,P003,C0335,3,Web
ORD00304,2025-09-11,P003,C0092,3,Web
ORD00305,2025-01-21,P003,C0018,4,App
ORD00306,2024-06-10,P004,C0354,3,App
ORD00307,2025-03-11,P006,C0063,1,Retail Partner
ORD00308,2024-11-15,P006,C0150,2,Web
ORD00309,2025-11-27,P003,C0139,3,App
ORD00310,2024-10-20,P002,C0186,1,Web
ORD00311,2025-08-11,P006,C0185,3,Retail Partner
ORD00312,2024-05-03,P005,C0205,3,Web
ORD00313,2025-07-08,P002,C0260,3,Retail Partner
ORD00314,2024-02-03,P006,C0214,3,Web
ORD00315,2026-01-14,P005,C0256,3,Web
ORD00316,2025-05-16,P003,C0135,1,Web
ORD00317,2024-07-18,P003,C0061,2,Web
ORD00318,2026-01-01,P002,C0363,2,Retail Partner
ORD00319,2024-06-02,P001,C0310,2,App
ORD00320,2024-11-21,P002,C0088,2,App
ORD00321,2024-10-24,P005,C0324,1,Web
ORD00322,2024-02-07,P001,C0476,4,Retail Partner
ORD00323,2024-12-06,P002,C0207,4,Retail Partner
ORD00324,2025-02-06,P002,C0129,1,Web
ORD00325,2026-01-14,P003,C0311,1,Web
ORD00326,2025-08-12,P006,C0003,3,Retail Partner
ORD00327,2026-02-17,P002,C0462,3,App
ORD00328,2024-05-05,P002,C0422,3,Retail Partner
ORD00329,2026-01-03,P004,C0242,2,Web
ORD00330,2025-10-08,P003,C0121,3,Web
ORD00331,2025-07-01,P002,C0385,4,Web
ORD00332,2025-04-16,P003,C0102,2,Retail Partner
ORD00333,2025-08-12,P002,C0038,3,Retail Partner
ORD00334,2025-08-28,P002,C0341,2,Web
ORD00335,2025-04-25,P003,C0496,4,App
ORD00336,2025-08-25,P003,C0413,3,Web
ORD00337,2024-04-27,P006,C0133,4,App
ORD00338,2025-02-10,P002,C0497,4,Web
ORD00339,2024-04-27,P003,C0202,4,Web
ORD00340,2024-05-16,P003,C0348,3,Web
ORD00341,2025-03-30,P001,C0021,1,Web
ORD00342,2025-03-11,P003,C0242,3,Web
ORD00343,2025-12-04,P002,C0455,4,Web
ORD00344,2025-02-19,P006,C0451,3,Web
ORD00345,2025-04-24,P002,C0109,4,Retail Partner
ORD00346,2024-07-20,P003,C0303,1,Web
ORD00347,2025-06-29,P001,C0084,2,Web
ORD00348,2025-05-25,P006,C0083,1,Web
ORD00349,2024-03-30,P003,C0291,1,Retail Partner
ORD00350,2024-09-18,P003,C0452,2,Web
ORD00351,2024-10-14,P001,C0069,3,App
ORD00352,2024-09-27,P004,C0129,2,Retail Partner
ORD00353,2026-03-24,P002,C0196,3,Web
ORD00354,2024-10-01,P005,C0140,3,Web
ORD00355,2025-01-16,P002,C0444,4,Web
ORD00356,2025-09-09,P002,C0283,4,Web
ORD00357,2025-07-17,P001,C0312,2,App
ORD00358,2024-07-28,P003,C0234,1,App
ORD00359,2026-03-01,P003,C0023,2,Web
ORD00360,2025-01-26,P001,C0153,3,Web
ORD00361,2025-03-13,P005,C0277,4,Retail Partner
ORD00362,2024-06-09,P003,C0061,2,Retail Partner
ORD00363,2025-06-01,P003,C0319,2,Web
ORD00364,2025-09-12,P003,C0378,4,Web
ORD00365,2025-01-29,P003,C0052,4,Web
ORD00366,2025-02-08,P003,C0344,4,App
ORD00367,2026-01-23,P002,C0153,3,Web
ORD00368,2026-05-22,P002,C0237,4,Web
ORD00369,2024-02-03,P005,C0311,1,App
ORD00370,2024-04-25,P006,C0302,2,Retail Partner
ORD00371,2025-12-08,P002,C0032,4,App
ORD00372,2025-03-25,P002,C0055,4,Web
ORD00373,2025-08-15,P003,C0352,3,Web
ORD00374,2024-12-31,P003,C0389,3,App
ORD00375,2024-12-01,P001,C0036,2,Web
ORD00376,2025-03-11,P002,C0110,1,Web
ORD00377,2025-03-30,P004,C0490,2,Web
ORD00378,2025-06-26,P003,C0177,4,Web
ORD00379,2025-07-28,P001,C0362,1,Web
ORD00380,2025-06-13,P002,C0314,1,App
ORD00381,2026-03-27,P002,C0295,1,App
ORD00382,2025-12-22,P003,C0336,1,App
ORD00383,2024-05-04,P001,C0097,2,Web
ORD00384,2024-03-14,P002,C0369,3,Web
ORD00385,2025-03-09,P005,C0213,3,Web
ORD00386,2025-06-26,P002,C0317,4,App
ORD00387,2025-06-30,P003,C0137,3,Web
ORD00388,2025-01-27,P002,C0006,3,Retail Partner
ORD00389,2025-07-18,P001,C0499,3,Retail Partner
ORD00390,2024-12-03,P002,C0109,3,Web
ORD00391,2026-03-14,P004,C0035,4,Web
ORD00392,2024-02-17,P005,C0039,2,App
ORD00393,2025-06-01,P005,C0150,1,App
ORD00394,2025-06-20,P002,C0425,3,Web
ORD00395,2025-07-03,P003,C0118,2,Web
ORD00396,2025-09-13,P002,C0261,3,App
ORD00397,2025-11-09,P002,C0426,3,Web
ORD00398,2024-09-01,P005,C0087,1,Web
ORD00399,2024-07-18,P001,C0465,1,Web
ORD00400,2026-01-16,P001,C0076,1,Web
ORD00401,2025-09-22,P002,C0471,3,Web
ORD00402,2025-05-27,P001,C0464,3,Web
ORD00403,2026-04-17,P002,C0451,3,Web
ORD00404,2024-04-21,P003,C0414,1,Web
ORD00405,2025-08-02,P003,C0313,4,App
ORD00406,2024-04-15,P005,C0383,2,App
ORD00407,2024-09-12,P005,C0214,4,App
ORD00408,2024-02-20,P002,C0457,3,Retail Partner
ORD00409,2025-10-16,P002,C0285,3,Web
ORD00410,2024-12-03,P002,C0239,4,Web
ORD00411,2024-06-11,P003,C0165,3,App
ORD00412,2026-03-09,P002,C0087,2,Web
ORD00413,2026-05-19,P003,C0141,3,Web
ORD00414,2025-01-26,P003,C0160,2,Retail Partner
ORD00415,2024-03-31,P003,C0046,4,Web
ORD00416,2024-02-26,P003,C0372,4,Web
ORD00417,2026-05-06,P002,C0495,3,App
ORD00418,2024-10-15,P006,C0112,2,App
ORD00419,2025-01-15,P005,C0407,3,Web
ORD00420,2025-09-03,P002,C0045,1,App
ORD00421,2025-03-11,P005,C0401,1,Retail Partner
ORD00422,2024-06-11,P003,C0247,1,Retail Partner
ORD00423,2024-11-05,P005,C0104,1,Web
ORD00424,2025-01-08,P005,C0085,3,Web
ORD00425,2025-11-08,P003,C0450,1,Retail Partner
ORD00426,2025-06-07,P001,C0485,2,App
ORD00427,2024-11-05,P002,C0134,4,Retail Partner
ORD00428,2025-12-26,P003,C0108,4,Web
ORD00429,2026-01-30,P003,C0018,1,Web
ORD00430,2025-08-02,P002,C0094,1,App
ORD00431,2026-03-14,P002,C0150,1,Web
ORD00432,2025-07-07,P005,C0246,3,Web
ORD00433,2025-04-01,P006,C0289,4,Web
ORD00434,2026-01-14,P003,C0414,1,Web
ORD00435,2025-05-20,P002,C0209,2,Retail Partner
ORD00436,2025-01-22,P002,C0126,1,Retail Partner
ORD00437,2024-10-27,P001,C0235,4,Web
ORD00438,2025-12-13,P006,C0416,1,Web
ORD00439,2025-05-18,P002,C0426,4,App
ORD00440,2025-10-12,P003,C0499,1,Web
ORD00441,2024-10-10,P002,C0462,2,Web
ORD00442,2025-03-31,P003,C0122,1,App
ORD00443,2024-03-15,P003,C0138,2,Web
ORD00444,2024-12-31,P005,C0495,2,App
ORD00445,2025-09-19,P002,C0115,1,Web
ORD00446,2025-04-14,P001,C0420,2,Web
ORD00447,2025-05-18,P002,C0162,3,Web
ORD00448,2026-03-03,P006,C0201,1,App
ORD00449,2026-06-06,P005,C0234,1,Web
ORD00450,2026-02-22,P003,C0028,2,Web
ORD00451,2025-04-01,P003,C0011,2,App
ORD00452,2025-08-20,P003,C0206,1,Web
ORD00453,2025-06-26,P002,C0167,3,Web
ORD00454,2024-04-23,P006,C0247,2,Web
ORD00455,2026-01-06,P003,C0047,2,Retail Partner
ORD00456,2025-01-12,P002,C0246,4,Web
ORD00457,2024-11-20,P003,C0127,3,Web
ORD00458,2025-06-11,P001,C0147,3,Web
ORD00459,2025-04-13,P002,C0118,1,Web
ORD00460,2024-04-29,P004,C0399,3,App
ORD00461,2026-05-06,P001,C0382,1,App
ORD00462,2024-10-16,P003,C0412,4,Retail Partner
ORD00463,2024-10-27,P002,C0152,3,App
ORD00464,2024-06-09,P002,C0072,2,Retail Partner
ORD00465,2024-10-28,P002,C0363,4,Web
ORD00466,2025-09-17,P002,C0137,1,Retail Partner
ORD00467,2025-04-30,P004,C0175,4,Web
ORD00468,2024-04-18,P002,C0289,1,Web
ORD00469,2024-02-16,P003,C0446,4,App
ORD00470,2026-01-07,P003,C0481,1,Web
ORD00471,2024-12-02,P003,C0019,3,App
ORD00472,2025-06-22,P006,C0195,2,Web
ORD00473,2024-03-07,P004,C0330,1,Retail Partner
ORD00474,2026-03-20,P002,C0424,4,Web
ORD00475,2025-07-09,P001,C0175,1,Retail Partner
ORD00476,2025-02-06,P002,C0490,1,Retail Partner
ORD00477,2025-10-08,P003,C0449,1,Web
ORD00478,2026-04-22,P001,C0413,4,Web
ORD00479,2024-11-07,P003,C0434,2,Web
ORD00480,2025-10-02,P003,C0354,3,Web
ORD00481,2025-07-29,P002,C0499,2,Retail Partner
ORD00482,2025-01-11,P005,C0141,1,App
ORD00483,2026-05-18,P002,C0246,4,Web
ORD00484,2026-01-12,P001,C0385,2,Retail Partner
ORD00485,2024-07-26,P004,C0418,1,App
ORD00486,2024-10-25,P003,C0093,3,Web
ORD00487,2025-03-08,P003,C0432,3,Retail Partner
ORD00488,2024-03-09,P003,C0239,3,App
ORD00489,2025-06-23,P002,C0205,1,Web
ORD00490,2026-03-25,P005,C0048,4,Web
ORD00491,2024-08-30,P005,C0433,2,Web
ORD00492,2025-06-21,P003,C0245,3,App
ORD00493,2026-03-02,P002,C0320,1,App
ORD00494,2024-05-01,P003,C0317,1,Retail Partner
ORD00495,2025-10-02,P002,C0413,2,Web
ORD00496,2024-06-29,P001,C0295,3,Web
ORD00497,2024-10-02,P006,C0128,1,Web
ORD00498,2025-09-05,P002,C0344,2,Web
ORD00499,2024-07-17,P006,C0282,4,Retail Partner
ORD00500,2026-01-02,P003,C0017,4,App
ORD00501,2024-11-13,P002,C0071,4,App
ORD00502,2025-09-09,P003,C0269,3,Retail Partner
ORD00503,2025-12-13,P005,C0325,2,Web
ORD00504,2024-11-06,P004,C0282,2,Web
ORD00505,2026-04-24,P005,C0305,1,Web
ORD00506,2025-11-12,P003,C0451,1,Retail Partner
ORD00507,2024-06-22,P003,C0007,1,App
ORD00508,2026-02-02,P005,C0314,2,Web
ORD00509,2024-10-07,P002,C0305,1,Web
ORD00510,2026-02-28,P003,C0103,2,Web
ORD00511,2024-03-29,P002,C0309,2,Web
ORD00512,2025-12-25,P006,C0193,4,Web
ORD00513,2024-03-16,P006,C0241,1,Web
ORD00514,2025-01-18,P001,C0062,4,Web
ORD00515,2025-08-23,P004,C0017,3,App
ORD00516,2025-03-07,P006,C0171,3,Web
ORD00517,2026-03-13,P002,C0025,3,Web
ORD00518,2024-10-06,P003,C0251,2,Web
ORD00519,2024-02-01,P006,C0253,2,Web
ORD00520,2025-03-05,P001,C0387,2,Web
ORD00521,2025-02-20,P003,C0207,1,Web
ORD00522,2024-03-16,P002,C0029,4,Web
ORD00523,2026-04-21,P006,C0117,2,Web
ORD00524,2025-11-01,P006,C0491,4,Retail Partner
ORD00525,2024-03-30,P006,C0416,4,Web
ORD00526,2024-04-03,P003,C0282,4,App
ORD00527,2024-10-23,P005,C0380,1,Web
ORD00528,2026-04-15,P005,C0144,1,Web
ORD00529,2025-08-23,P002,C0025,3,Web
ORD00530,2024-11-19,P005,C0310,3,Web
ORD00531,2024-09-04,P001,C0156,4,App
ORD00532,2024-11-10,P003,C0073,3,Retail Partner
ORD00533,2026-05-22,P002,C0120,4,App
ORD00534,2024-06-25,P002,C0312,1,App
ORD00535,2024-06-27,P001,C0321,1,Retail Partner
ORD00536,2024-02-13,P003,C0093,1,Web
ORD00537,2026-03-08,P002,C0086,2,Web
ORD00538,2025-07-10,P004,C0336,4,App
ORD00539,2025-08-31,P001,C0425,1,Retail Partner
ORD00540,2025-03-07,P002,C0499,4,Web
ORD00541,2025-07-15,P003,C0364,3,Retail Partner
ORD00542,2025-12-02,P005,C0435,3,Web
ORD00543,2025-01-09,P002,C0118,1,Web
ORD00544,2025-12-13,P003,C0233,4,Web
ORD00545,2024-08-08,P005,C0199,1,Retail Partner
ORD00546,2025-04-02,P003,C0206,3,App
ORD00547,2025-12-24,P002,C0413,1,Web
ORD00548,2025-06-03,P001,C0339,4,Web
ORD00549,2025-07-13,P005,C0147,3,Web
ORD00550,2024-07-13,P001,C0450,2,Retail Partner
ORD00551,2025-09-01,P005,C0425,3,Web
ORD00552,2025-07-31,P003,C0429,2,Web
ORD00553,2024-02-03,P006,C0271,1,Web
ORD00554,2024-03-22,P005,C0387,1,Web
ORD00555,2025-09-08,P006,C0139,4,Web
ORD00556,2025-06-29,P002,C0181,2,Retail Partner
ORD00557,2024-02-18,P005,C0430,1,Web
ORD00558,2024-05-05,P003,C0030,2,Retail Partner
ORD00559,2026-01-10,P003,C0057,1,Web
ORD00560,2024-10-19,P003,C0232,3,Web
ORD00561,2025-11-07,P005,C0146,1,Web
ORD00562,2025-03-30,P006,C0435,4,Retail Partner
ORD00563,2025-08-07,P005,C0384,3,App
ORD00564,2024-11-16,P003,C0048,4,App
ORD00565,2024-12-26,P003,C0194,3,Web
ORD00566,2025-06-03,P004,C0224,2,Web
ORD00567,2024-09-03,P002,C0136,4,App
ORD00568,2025-03-04,P002,C0022,1,Retail Partner
ORD00569,2025-08-12,P002,C0006,2,Web
ORD00570,2024-02-10,P002,C0204,1,App
ORD00571,2026-04-24,P002,C0239,3,Web
ORD00572,2025-01-08,P002,C0185,3,Web
ORD00573,2024-03-12,P001,C0360,1,Web
ORD00574,2026-03-20,P001,C0292,1,Web
ORD00575,2024-05-25,P006,C0335,2,Web
ORD00576,2026-03-31,P003,C0220,1,Web
ORD00577,2024-07-05,P002,C0116,4,Web
ORD00578,2024-02-24,P003,C0313,4,Web
ORD00579,2026-01-19,P002,C0049,1,Web
ORD00580,2025-03-25,P006,C0173,4,Retail Partner
ORD00581,2024-12-17,P005,C0082,1,Web
ORD00582,2025-11-23,P001,C0322,2,Web
ORD00583,2025-03-11,P003,C0333,4,Web
ORD00584,2024-05-23,P005,C0045,4,App
ORD00585,2024-05-25,P006,C0335,1,Web
ORD00586,2026-04-01,P003,C0020,4,Web
ORD00587,2025-04-13,P003,C0448,3,Web
ORD00588,2025-10-27,P002,C0221,2,Retail Partner
ORD00589,2025-05-18,P006,C0123,2,Web
ORD00590,2024-03-20,P002,C0234,4,Web
ORD00591,2026-03-26,P006,C0221,4,Web
ORD00592,2026-05-01,P003,C0323,3,Web
ORD00593,2026-01-13,P003,C0339,3,App
ORD00594,2024-04-21,P003,C0003,4,App
ORD00595,2024-09-05,P002,C0182,4,Retail Partner
ORD00596,2024-02-15,P002,C0206,3,Retail Partner
ORD00597,2024-06-26,P002,C0320,1,Web
ORD00598,2024-11-23,P002,C0040,3,Web
ORD00599,2024-12-16,P005,C0059,1,Retail Partner
ORD00600,2025-04-21,P002,C0439,2,Web
ORD00601,2025-08-24,P001,C0062,2,App
ORD00602,2024-05-12,P006,C0132,3,Web
ORD00603,2025-11-23,P005,C0060,1,Web
ORD00604,2024-02-28,P006,C0372,3,Retail Partner
ORD00605,2024-04-02,P006,C0331,3,Retail Partner
ORD00606,2026-02-02,P002,C0122,1,Retail Partner
ORD00607,2025-10-23,P002,C0479,3,Web
ORD00608,2024-04-09,P005,C0107,2,App
ORD00609,2024-08-08,P003,C0096,4,Web
ORD00610,2024-02-06,P002,C0347,4,Web
ORD00611,2025-07-14,P005,C0414,3,App
ORD00612,2024-10-15,P002,C0235,1,Retail Partner
ORD00613,2026-01-11,P002,C0386,1,Web
ORD00614,2025-03-23,P003,C0062,2,Retail Partner
ORD00615,2024-10-21,P003,C0256,1,Web
ORD00616,2026-01-22,P003,C0049,1,Web
ORD00617,2025-12-03,P001,C0393,2,Web
ORD00618,2024-05-11,P005,C0348,3,App
ORD00619,2024-11-15,P002,C0159,4,Web
ORD00620,2025-03-15,P002,C0124,2,Retail Partner
ORD00621,2026-04-24,P005,C0482,3,Web
ORD00622,2024-10-02,P006,C0317,2,Retail Partner
ORD00623,2025-03-08,P005,C0207,3,Web
ORD00624,2025-05-26,P005,C0048,2,Retail Partner
ORD00625,2024-08-18,P003,C0409,3,Web
ORD00626,2026-06-02,P003,C0420,2,Retail Partner
ORD00627,2026-02-25,P001,C0136,3,App
ORD00628,2024-08-02,P003,C0201,2,Retail Partner
ORD00629,2024-11-07,P002,C0250,4,Web
ORD00630,2025-04-27,P002,C0314,4,App
ORD00631,2025-04-28,P004,C0357,1,Web
ORD00632,2026-05-24,P003,C0368,3,Retail Partner
ORD00633,2024-03-29,P001,C0429,2,App
ORD00634,2024-06-12,P002,C0318,3,Web
ORD00635,2024-11-25,P003,C0295,4,Web
ORD00636,2024-02-20,P001,C0480,3,Web
ORD00637,2025-12-26,P005,C0314,2,Web
ORD00638,2024-03-21,P003,C0500,3,Retail Partner
ORD00639,2024-04-30,P003,C0209,2,Web
ORD00640,2024-07-01,P003,C0355,4,Web
ORD00641,2024-02-05,P005,C0485,4,Web
ORD00642,2025-03-30,P002,C0211,4,Web
ORD00643,2025-11-15,P003,C0192,1,Web
ORD00644,2024-07-01,P003,C0044,4,App
ORD00645,2024-07-20,P002,C0029,3,Web
ORD00646,2024-10-21,P005,C0059,1,App
ORD00647,2026-06-06,P005,C0071,4,Web
ORD00648,2025-06-21,P003,C0092,3,Web
ORD00649,2026-04-13,P005,C0265,3,Retail Partner
ORD00650,2024-05-07,P005,C0383,3,Web
ORD00651,2024-08-19,P004,C0220,2,Web
ORD00652,2026-04-21,P005,C0390,1,Web
ORD00653,2025-01-25,P003,C0413,3,Web
ORD00654,2025-04-19,P003,C0442,2,Web
ORD00655,2026-03-21,P003,C0401,4,Web
ORD00656,2026-06-05,P005,C0400,3,Web
ORD00657,2025-01-04,P002,C0215,2,Web
ORD00658,2025-11-20,P005,C0479,3,Web
ORD00659,2024-04-24,P005,C0387,1,Web
ORD00660,2024-07-21,P001,C0277,1,Web
ORD00661,2025-01-04,P005,C0064,4,Web
ORD00662,2025-05-22,P002,C0346,3,App
ORD00663,2024-02-07,P002,C0292,2,Web
ORD00664,2025-12-18,P004,C0490,4,Retail Partner
ORD00665,2024-05-20,P002,C0485,3,Web
ORD00666,2025-10-22,P005,C0245,4,App
ORD00667,2026-01-18,P005,C0470,2,Web
ORD00668,2026-04-16,P003,C0062,4,App
ORD00669,2024-03-23,P001,C0426,4,Retail Partner
ORD00670,2025-06-21,P002,C0332,4,Web
ORD00671,2026-03-19,P003,C0170,3,App
ORD00672,2026-03-31,P006,C0445,2,Web
ORD00673,2026-04-14,P003,C0269,1,Web
ORD00674,2024-09-14,P002,C0267,3,Retail Partner
ORD00675,2026-03-18,P003,C0054,1,App
ORD00676,2024-12-26,P003,C0016,1,Web
ORD00677,2026-05-26,P005,C0008,3,Web
ORD00678,2024-02-23,P002,C0104,3,Retail Partner
ORD00679,2024-05-18,P005,C0059,2,Retail Partner
ORD00680,2024-08-14,P003,C0313,2,App
ORD00681,2025-08-08,P006,C0040,4,Retail Partner
ORD00682,2025-01-22,P002,C0237,1,Web
ORD00683,2025-03-18,P003,C0443,2,App
ORD00684,2024-10-29,P006,C0386,4,Web
ORD00685,2024-10-27,P002,C0094,2,Web
ORD00686,2025-10-03,P006,C0222,3,Web
ORD00687,2026-04-08,P003,C0204,2,Web
ORD00688,2024-11-01,P001,C0138,1,Web
ORD00689,2026-05-07,P002,C0300,2,Retail Partner
ORD00690,2025-01-14,P004,C0395,1,Web
ORD00691,2024-04-10,P001,C0207,3,Web
ORD00692,2024-07-06,P003,C0336,1,App
ORD00693,2024-03-10,P002,C0081,2,Web
ORD00694,2025-09-18,P003,C0218,4,Web
ORD00695,2024-06-10,P001,C0002,3,Web
ORD00696,2025-12-06,P005,C0178,2,App
ORD00697,2026-01-26,P006,C0396,3,Web
ORD00698,2024-05-15,P006,C0371,3,Web
ORD00699,2024-12-07,P004,C0346,2,Web
ORD00700,2024-02-14,P002,C0279,2,Web
ORD00701,2024-10-03,P005,C0146,4,Web
ORD00702,2024-02-09,P001,C0318,3,Web
ORD00703,2025-11-22,P001,C0224,3,Web
ORD00704,2024-08-01,P002,C0369,2,App
ORD00705,2026-06-04,P003,C0384,1,Web
ORD00706,2024-11-15,P005,C0062,2,Web
ORD00707,2025-12-26,P003,C0294,3,Web
ORD00708,2026-05-18,P003,C0239,2,Web
ORD00709,2026-01-24,P002,C0195,4,Retail Partner
ORD00710,2026-04-18,P006,C0166,1,Web
ORD00711,2026-01-04,P003,C0451,2,Web
ORD00712,2024-02-17,P003,C0222,4,Retail Partner
ORD00713,2024-12-12,P002,C0061,3,Web
ORD00714,2026-06-06,P005,C0129,2,Web
ORD00715,2025-09-20,P003,C0478,3,Web
ORD00716,2025-12-26,P002,C0173,4,Web
ORD00717,2026-03-19,P001,C0480,3,Web
ORD00718,2024-07-30,P003,C0156,4,Web
ORD00719,2024-02-15,P003,C0405,4,Web
ORD00720,2024-05-30,P002,C0378,4,App
ORD00721,2024-11-04,P006,C0110,2,Web
ORD00722,2024-04-05,P002,C0269,3,Web
ORD00723,2025-04-27,P003,C0411,3,Web
ORD00724,2026-01-04,P006,C0356,1,Web
ORD00725,2025-12-05,P003,C0391,1,Web
ORD00726,2025-06-14,P003,C0278,1,App
ORD00727,2024-03-05,P002,C0074,1,Retail Partner
ORD00728,2025-08-27,P002,C0487,3,App
ORD00729,2026-03-15,P006,C0437,4,App
ORD00730,2025-05-07,P003,C0463,4,Web
ORD00731,2024-07-12,P005,C0207,2,Web
ORD00732,2025-05-20,P002,C0388,4,Web
ORD00733,2025-06-21,P002,C0480,3,Web
ORD00734,2026-04-25,P001,C0279,3,App
ORD00735,2026-03-12,P003,C0375,3,Web
ORD00736,2026-03-06,P002,C0326,2,App
ORD00737,2025-04-18,P005,C0472,1,Web
ORD00738,2026-06-03,P003,C0340,4,App
ORD00739,2026-03-31,P006,C0357,3,App
ORD00740,2025-07-09,P002,C0340,3,Retail Partner
ORD00741,2025-08-23,P005,C0204,1,Retail Partner
ORD00742,2024-05-27,P005,C0161,3,Web
ORD00743,2026-03-19,P005,C0028,4,App
ORD00744,2025-06-16,P005,C0392,2,App
ORD00745,2024-06-02,P005,C0257,3,Retail Partner
ORD00746,2025-04-18,P003,C0165,4,Retail Partner
ORD00747,2026-06-19,P002,C0063,3,Retail Partner
ORD00748,2026-03-18,P001,C0022,1,App
ORD00749,2024-06-09,P006,C0070,3,Web
ORD00750,2025-09-29,P003,C0381,3,App
ORD00751,2025-10-07,P005,C0405,2,Web
ORD00752,2025-08-01,P003,C0096,1,Web
ORD00753,2026-01-14,P002,C0163,1,Web
ORD00754,2024-10-12,P002,C0079,2,Web
ORD00755,2026-02-19,P003,C0005,3,Web
ORD00756,2024-11-16,P003,C0316,4,Web
ORD00757,2026-01-17,P002,C0120,1,Web
ORD00758,2024-08-12,P003,C0302,1,Web
ORD00759,2025-03-14,P001,C0178,3,Web
ORD00760,2024-06-28,P003,C0176,3,Retail Partner
ORD00761,2024-03-21,P002,C0390,1,App
ORD00762,2026-05-14,P005,C0217,3,Retail Partner
ORD00763,2024-03-21,P002,C0056,4,App
ORD00764,2025-03-14,P003,C0366,1,Retail Partner
ORD00765,2025-09-29,P001,C0187,4,Web
ORD00766,2025-08-13,P001,C0232,4,Retail Partner
ORD00767,2024-03-28,P002,C0255,3,Retail Partner
ORD00768,2025-10-01,P003,C0413,4,Web
ORD00769,2026-04-07,P003,C0455,3,Web
ORD00770,2025-03-19,P002,C0104,2,Retail Partner
ORD00771,2024-02-20,P003,C0077,3,Web
ORD00772,2024-02-27,P005,C0230,4,Retail Partner
ORD00773,2024-09-13,P005,C0402,2,Web
ORD00774,2026-03-23,P001,C0258,3,Web
ORD00775,2024-05-18,P003,C0264,4,Web
ORD00776,2025-09-06,P002,C0331,1,Web
ORD00777,2024-11-27,P002,C0481,1,Web
ORD00778,2024-04-09,P006,C0182,3,Retail Partner
ORD00779,2026-06-18,P002,C0381,3,App
ORD00780,2026-06-04,P003,C0256,1,App
ORD00781,2024-04-16,P003,C0038,4,Web
ORD00782,2025-04-06,P004,C0176,4,Retail Partner
ORD00783,2025-03-18,P003,C0027,4,Web
ORD00784,2024-08-27,P001,C0276,3,Web
ORD00785,2025-03-30,P002,C0140,2,Web
ORD00786,2025-10-28,P003,C0299,2,Web
ORD00787,2025-03-16,P001,C0445,2,Web
ORD00788,2026-06-02,P002,C0287,2,Web
ORD00789,2025-08-24,P001,C0091,2,Retail Partner
ORD00790,2026-05-09,P001,C0480,3,Retail Partner
ORD00791,2024-04-19,P002,C0061,3,Web
ORD00792,2024-08-31,P002,C0458,2,Web
ORD00793,2025-03-14,P003,C0451,3,Web
ORD00794,2026-03-21,P003,C0365,3,Web
ORD00795,2025-09-29,P005,C0347,2,Retail Partner
ORD00796,2025-09-12,P002,C0163,4,Web
ORD00797,2024-03-23,P002,C0351,3,Retail Partner
ORD00798,2024-11-18,P002,C0143,4,App
ORD00799,2026-05-19,P003,C0400,3,Web
ORD00800,2025-09-28,P004,C0253,3,App
ORD00801,2025-09-23,P001,C0269,2,Web
ORD00802,2026-02-19,P006,C0369,3,Web
ORD00803,2025-12-22,P001,C0291,1,Web
ORD00804,2026-04-06,P003,C0500,1,Web
ORD00805,2025-06-28,P004,C0459,2,Web
ORD00806,2025-11-28,P005,C0187,4,Web
ORD00807,2026-04-14,P004,C0405,4,Retail Partner
ORD00808,2025-06-28,P005,C0499,4,App
ORD00809,2024-10-29,P002,C0438,1,Retail Partner
ORD00810,2024-07-04,P005,C0459,4,Web
ORD00811,2025-04-22,P001,C0414,4,Retail Partner
ORD00812,2024-12-05,P005,C0304,2,Retail Partner
ORD00813,2026-01-13,P003,C0291,4,App
ORD00814,2025-12-02,P005,C0086,1,App
ORD00815,2024-11-01,P003,C0166,1,App
ORD00816,2025-06-05,P003,C0415,1,Web
ORD00817,2026-02-12,P003,C0462,2,Retail Partner
ORD00818,2025-11-30,P004,C0408,2,Web
ORD00819,2026-02-05,P001,C0114,3,App
ORD00820,2025-12-01,P001,C0433,4,Web
ORD00821,2024-10-15,P002,C0480,2,Web
ORD00822,2024-08-04,P002,C0356,1,Web
ORD00823,2025-11-02,P005,C0416,1,Retail Partner
ORD00824,2025-10-20,P002,C0183,2,Web
ORD00825,2024-11-25,P006,C0207,2,Web
ORD00826,2026-02-02,P002,C0256,2,App
ORD00827,2026-03-27,P002,C0235,3,App
ORD00828,2026-04-10,P005,C0442,1,Web
ORD00829,2024-07-19,P003,C0355,3,Web
ORD00830,2026-02-02,P003,C0003,3,App
ORD00831,2025-02-01,P003,C0208,4,App
ORD00832,2025-12-04,P004,C0197,1,Web
ORD00833,2025-02-26,P002,C0341,1,Retail Partner
ORD00834,2025-01-26,P006,C0125,2,Web
ORD00835,2024-11-02,P006,C0138,2,App
ORD00836,2025-07-31,P003,C0339,4,Retail Partner
ORD00837,2025-06-30,P002,C0025,3,Web
ORD00838,2025-08-28,P003,C0068,2,Web
ORD00839,2025-08-23,P001,C0061,2,App
ORD00840,2024-09-28,P001,C0029,1,Retail Partner
ORD00841,2024-04-12,P002,C0383,1,Web
ORD00842,2026-05-05,P003,C0019,2,Retail Partner
ORD00843,2025-04-10,P005,C0171,1,Retail Partner
ORD00844,2026-05-21,P004,C0450,4,Web
ORD00845,2024-05-14,P004,C0074,2,Retail Partner
ORD00846,2024-03-05,P003,C0061,1,Web
ORD00847,2025-10-15,P002,C0427,4,App
ORD00848,2024-05-09,P002,C0153,1,Web
ORD00849,2024-04-25,P006,C0276,1,Web
ORD00850,2025-02-06,P001,C0048,1,Web
ORD00851,2024-03-12,P005,C0211,2,Retail Partner
ORD00852,2025-08-09,P003,C0343,3,Retail Partner
ORD00853,2026-03-10,P003,C0408,1,App
ORD00854,2026-06-19,P004,C0139,4,Retail Partner
ORD00855,2025-05-29,P003,C0110,2,Web
ORD00856,2025-05-31,P005,C0482,2,App
ORD00857,2024-11-19,P006,C0183,4,Web
ORD00858,2024-08-31,P003,C0028,1,App
ORD00859,2024-10-20,P002,C0197,3,Web
ORD00860,2024-06-02,P003,C0191,1,Retail Partner
ORD00861,2025-08-29,P006,C0315,4,Retail Partner
ORD00862,2025-09-05,P002,C0389,2,Retail Partner
ORD00863,2024-08-27,P003,C0051,3,Web
ORD00864,2026-05-24,P003,C0149,2,Web
ORD00865,2024-09-10,P004,C0268,4,Web
ORD00866,2024-08-09,P002,C0050,1,App
ORD00867,2025-06-06,P004,C0388,3,Web
ORD00868,2026-01-14,P006,C0246,2,App
ORD00869,2024-08-17,P002,C0113,2,Web
ORD00870,2025-01-07,P002,C0170,2,Web
ORD00871,2024-06-25,P006,C0468,1,Retail Partner
ORD00872,2024-10-24,P002,C0166,3,Web
ORD00873,2025-05-11,P005,C0409,1,App
ORD00874,2025-05-18,P003,C0014,1,Retail Partner
ORD00875,2024-08-28,P002,C0203,1,Web
ORD00876,2025-01-06,P005,C0288,4,Web
ORD00877,2024-05-03,P003,C0395,4,Web
ORD00878,2024-03-08,P003,C0189,4,Web
ORD00879,2025-09-16,P002,C0402,3,Retail Partner
ORD00880,2026-05-21,P003,C0155,1,Web
ORD00881,2026-03-30,P002,C0055,1,Web
ORD00882,2024-07-20,P002,C0182,4,Web
ORD00883,2025-07-07,P006,C0210,1,Web
ORD00884,2025-05-10,P002,C0376,1,Web
ORD00885,2025-08-22,P003,C0471,2,App
ORD00886,2024-09-11,P002,C0075,1,Retail Partner
ORD00887,2025-07-02,P005,C0277,2,Retail Partner
ORD00888,2025-05-15,P002,C0428,1,Retail Partner
ORD00889,2024-06-06,P006,C0133,3,Web
ORD00890,2025-01-14,P003,C0343,4,App
ORD00891,2025-01-06,P002,C0425,2,Web
ORD00892,2025-03-19,P001,C0059,4,Web
ORD00893,2024-06-29,P002,C0345,2,Web
ORD00894,2026-01-12,P003,C0489,2,Web
ORD00895,2024-02-21,P002,C0182,2,Retail Partner
ORD00896,2025-09-16,P005,C0458,3,Web
ORD00897,2024-08-07,P003,C0406,1,Retail Partner
ORD00898,2024-12-26,P002,C0339,2,Web
ORD00899,2025-05-29,P003,C0321,3,Web
ORD00900,2025-04-12,P004,C0064,2,Retail Partner
ORD00901,2026-06-12,P002,C0327,1,Web
ORD00902,2024-03-05,P002,C0260,2,Web
ORD00903,2024-09-07,P001,C0193,3,Web
ORD00904,2025-11-23,P004,C0143,1,Retail Partner
ORD00905,2025-05-22,P003,C0104,3,Retail Partner
ORD00906,2024-02-21,P003,C0460,1,Web
ORD00907,2025-04-03,P005,C0406,1,App
ORD00908,2026-04-23,P005,C0214,4,App
ORD00909,2026-05-03,P003,C0242,4,Retail Partner
ORD00910,2024-02-15,P005,C0431,4,Retail Partner
ORD00911,2026-02-17,P002,C0209,1,Web
ORD00912,2026-05-19,P002,C0093,2,Retail Partner
ORD00913,2026-03-18,P002,C0430,3,Web
ORD00914,2024-07-01,P001,C0142,3,Web
ORD00915,2024-09-10,P003,C0434,3,App
ORD00916,2024-09-16,P006,C0404,4,Retail Partner
ORD00917,2026-05-21,P001,C0434,1,Web
ORD00918,2025-11-22,P002,C0112,4,Web
ORD00919,2025-05-13,P003,C0417,2,Retail Partner
ORD00920,2024-02-03,P006,C0375,1,Web
ORD00921,2024-06-20,P002,C0059,3,Web
ORD00922,2025-01-29,P003,C0043,4,Web
ORD00923,2024-05-09,P001,C0207,4,Web
ORD00924,2024-02-13,P002,C0268,2,Retail Partner
ORD00925,2026-02-26,P006,C0296,2,Web
ORD00926,2024-06-13,P006,C0118,4,Retail Partner
ORD00927,2025-05-16,P001,C0020,2,Web
ORD00928,2025-07-17,P006,C0222,3,Retail Partner
ORD00929,2025-11-09,P003,C0166,2,App
ORD00930,2024-04-22,P005,C0131,2,Retail Partner
ORD00931,2025-08-29,P003,C0156,4,App
ORD00932,2024-08-23,P003,C0184,4,App
ORD00933,2024-05-04,P003,C0090,1,Web
ORD00934,2024-03-10,P003,C0094,1,Retail Partner
ORD00935,2025-10-15,P002,C0013,4,App
ORD00936,2025-06-29,P001,C0461,2,Web
ORD00937,2026-06-18,P002,C0322,2,Web
ORD00938,2025-07-16,P004,C0293,1,App
ORD00939,2025-01-21,P002,C0433,1,Retail Partner
ORD00940,2024-06-06,P003,C0230,1,Web
ORD00941,2024-03-22,P006,C0322,3,Web
ORD00942,2025-03-28,P001,C0292,3,Retail Partner
ORD00943,2025-01-26,P003,C0438,1,Web
ORD00944,2024-06-23,P003,C0026,2,Retail Partner
ORD00945,2025-07-29,P005,C0075,1,Retail Partner
ORD00946,2024-11-09,P002,C0456,3,Retail Partner
ORD00947,2024-03-05,P003,C0364,2,Web
ORD00948,2024-10-23,P005,C0424,3,Retail Partner
ORD00949,2026-04-23,P006,C0299,2,Retail Partner
ORD00950,2024-11-14,P003,C0150,3,Retail Partner
ORD00951,2026-05-27,P003,C0148,2,Web
ORD00952,2024-02-23,P003,C0008,2,Web
ORD00953,2025-04-08,P005,C0029,2,App
ORD00954,2026-04-25,P003,C0296,2,Web
ORD00955,2025-08-09,P001,C0474,4,Web
ORD00956,2024-07-25,P006,C0414,3,Web
ORD00957,2024-03-25,P003,C0209,3,App
ORD00958,2026-02-10,P003,C0128,4,Web
ORD00959,2025-11-07,P002,C0340,2,Web
ORD00960,2025-07-21,P003,C0116,2,Web
ORD00961,2025-12-03,P002,C0439,3,Retail Partner
ORD00962,2024-10-09,P003,C0144,4,Web
ORD00963,2025-02-08,P002,C0430,2,Web
ORD00964,2024-02-23,P003,C0318,2,Web
ORD00965,2025-08-30,P006,C0235,2,App
ORD00966,2024-10-19,P001,C0007,1,Web
ORD00967,2025-03-19,P006,C0464,4,Web
ORD00968,2024-07-03,P003,C0045,2,Web
ORD00969,2026-01-22,P005,C0443,1,App
ORD00970,2024-05-09,P005,C0239,4,Retail Partner
ORD00971,2026-03-03,P003,C0440,2,App
ORD00972,2024-12-06,P004,C0432,3,App
ORD00973,2025-05-26,P005,C0155,1,Web
ORD00974,2026-03-10,P003,C0181,1,Retail Partner
ORD00975,2024-12-20,P002,C0215,2,Web
ORD00976,2025-03-03,P003,C0088,2,Web
ORD00977,2026-01-27,P005,C0256,1,Web
ORD00978,2026-03-20,P005,C0073,3,Web
ORD00979,2024-08-14,P005,C0419,3,App
ORD00980,2024-05-14,P003,C0179,4,Web
ORD00981,2026-01-23,P005,C0212,2,App
ORD00982,2024-11-25,P002,C0293,3,Web
ORD00983,2026-02-27,P003,C0234,4,Web
ORD00984,2025-10-06,P001,C0465,3,App
ORD00985,2024-08-30,P002,C0239,2,Retail Partner
ORD00986,2024-02-10,P002,C0223,4,Retail Partner
ORD00987,2025-08-19,P002,C0119,4,Web
ORD00988,2025-11-15,P003,C0313,4,Web
ORD00989,2024-02-15,P002,C0264,3,Retail Partner
ORD00990,2025-06-04,P003,C0207,2,Retail Partner
ORD00991,2024-06-07,P002,C0095,4,Web
ORD00992,2026-03-16,P002,C0373,1,App
ORD00993,2025-02-25,P002,C0222,2,Retail Partner
ORD00994,2024-11-05,P001,C0366,1,App
ORD00995,2024-09-04,P003,C0276,1,Retail Partner
ORD00996,2025-03-05,P003,C0380,4,Retail Partner
ORD00997,2024-06-08,P003,C0231,4,Web
ORD00998,2024-07-18,P003,C0309,3,Web
ORD00999,2025-06-14,P002,C0119,3,App
ORD01000,2025-08-06,P005,C0268,3,Web
ORD01001,2024-09-20,P003,C0433,2,Web
ORD01002,2024-12-12,P003,C0273,3,Web
ORD01003,2026-02-07,P001,C0064,1,Web
ORD01004,2025-05-07,P002,C0298,3,App
ORD01005,2026-01-14,P002,C0350,4,App
ORD01006,2025-08-25,P002,C0413,3,Web
ORD01007,2024-03-19,P003,C0403,2,Web
ORD01008,2026-02-14,P003,C0494,2,Retail Partner
ORD01009,2026-01-09,P003,C0011,1,Retail Partner
ORD01010,2024-07-18,P005,C0098,2,App
ORD01011,2025-04-22,P005,C0434,3,Web
ORD01012,2025-01-31,P004,C0071,4,Web
ORD01013,2025-04-21,P006,C0364,2,Web
ORD01014,2024-11-22,P001,C0058,1,App
ORD01015,2024-02-10,P002,C0290,3,Retail Partner
ORD01016,2026-05-28,P001,C0251,1,Retail Partner
ORD01017,2025-01-10,P003,C0276,2,Web
ORD01018,2025-05-29,P005,C0050,2,Retail Partner
ORD01019,2025-04-30,P002,C0358,1,Retail Partner
ORD01020,2026-01-19,P006,C0216,3,Web
ORD01021,2026-04-17,P001,C0394,2,Web
ORD01022,2025-11-16,P006,C0416,4,Web
ORD01023,2025-07-20,P002,C0052,2,Web
ORD01024,2025-12-15,P002,C0271,3,Web
ORD01025,2024-12-23,P003,C0485,2,Web
ORD01026,2024-06-16,P002,C0084,1,Web
ORD01027,2025-02-11,P002,C0387,2,Web
ORD01028,2026-02-04,P002,C0293,2,Web
ORD01029,2025-09-21,P005,C0126,3,App
ORD01030,2025-11-24,P003,C0296,1,Web
ORD01031,2024-04-01,P002,C0072,3,Retail Partner
ORD01032,2026-05-24,P003,C0296,2,Web
ORD01033,2024-11-20,P004,C0236,4,Retail Partner
ORD01034,2025-05-31,P002,C0056,2,Web
ORD01035,2026-01-16,P003,C0407,3,App
ORD01036,2026-03-25,P002,C0360,4,Web
ORD01037,2024-07-29,P002,C0395,3,Retail Partner
ORD01038,2025-05-06,P003,C0110,3,Web
ORD01039,2026-05-03,P002,C0192,1,Retail Partner
ORD01040,2025-12-26,P003,C0392,4,Web
ORD01041,2025-08-22,P004,C0093,2,Web
ORD01042,2025-04-12,P002,C0350,3,Web
ORD01043,2025-07-09,P003,C0056,2,Retail Partner
ORD01044,2024-05-26,P002,C0060,1,App
ORD01045,2026-01-21,P006,C0138,1,App
ORD01046,2024-02-23,P003,C0039,4,Web
ORD01047,2025-10-28,P005,C0028,1,Web
ORD01048,2024-12-25,P003,C0049,1,App
ORD01049,2025-07-16,P001,C0420,2,Web
ORD01050,2024-06-11,P003,C0125,1,Retail Partner
ORD01051,2024-07-01,P006,C0013,1,App
ORD01052,2025-10-25,P003,C0480,3,App
ORD01053,2025-10-23,P005,C0036,1,Web
ORD01054,2024-04-04,P005,C0101,3,Web
ORD01055,2025-05-02,P002,C0282,1,Web
ORD01056,2025-08-03,P002,C0086,1,Retail Partner
ORD01057,2026-05-22,P003,C0004,4,Web
ORD01058,2025-10-05,P003,C0223,4,Web
ORD01059,2024-07-23,P005,C0338,3,Web
ORD01060,2025-10-04,P006,C0448,1,Web
ORD01061,2026-02-01,P002,C0166,2,Retail Partner
ORD01062,2024-10-03,P002,C0383,4,Retail Partner
ORD01063,2026-02-13,P005,C0344,2,Web
ORD01064,2025-04-09,P002,C0383,4,Web
ORD01065,2025-08-10,P005,C0376,4,App
ORD01066,2024-06-24,P003,C0471,1,Web
ORD01067,2024-05-24,P003,C0278,4,Retail Partner
ORD01068,2024-05-15,P001,C0130,2,App
ORD01069,2025-10-27,P003,C0031,4,Web
ORD01070,2025-04-15,P003,C0375,3,Web
ORD01071,2024-10-21,P003,C0011,1,App
ORD01072,2025-05-05,P002,C0476,1,Web
ORD01073,2024-12-30,P004,C0302,3,Web
ORD01074,2024-09-26,P005,C0096,3,Web
ORD01075,2025-08-01,P002,C0190,3,Web
ORD01076,2024-11-30,P001,C0453,4,App
ORD01077,2024-08-02,P001,C0192,1,App
ORD01078,2025-08-26,P003,C0486,3,Retail Partner
ORD01079,2025-07-26,P003,C0266,4,Web
ORD01080,2024-10-03,P003,C0424,3,Web
ORD01081,2025-03-23,P002,C0128,2,Retail Partner
ORD01082,2024-04-28,P002,C0238,2,Web
ORD01083,2025-11-02,P003,C0408,1,Retail Partner
ORD01084,2024-09-28,P003,C0355,4,Web
ORD01085,2024-11-25,P006,C0428,2,Retail Partner
ORD01086,2024-02-23,P002,C0112,2,Web
ORD01087,2026-05-28,P003,C0316,4,Web
ORD01088,2024-08-17,P003,C0446,3,Web
ORD01089,2026-01-22,P003,C0343,4,Web
ORD01090,2025-01-23,P004,C0145,3,Web
ORD01091,2024-07-01,P003,C0065,2,Retail Partner
ORD01092,2025-05-16,P006,C0247,2,Retail Partner
ORD01093,2026-06-12,P002,C0223,2,Retail Partner
ORD01094,2025-09-12,P002,C0479,1,App
ORD01095,2024-08-19,P004,C0490,1,Web
ORD01096,2026-01-26,P003,C0313,1,Web
ORD01097,2024-05-17,P002,C0439,4,Web
ORD01098,2024-03-19,P001,C0106,2,Retail Partner
ORD01099,2026-05-03,P001,C0181,2,Web
ORD01100,2026-05-24,P005,C0184,4,App
ORD01101,2025-02-17,P002,C0226,1,Web
ORD01102,2025-04-14,P002,C0265,4,App
ORD01103,2025-12-03,P002,C0278,1,App
ORD01104,2026-04-12,P002,C0397,2,Web
ORD01105,2025-08-28,P001,C0089,3,Web
ORD01106,2024-05-13,P003,C0176,1,Retail Partner
ORD01107,2026-02-07,P001,C0018,2,Web
ORD01108,2026-04-12,P005,C0371,2,Web
ORD01109,2025-02-19,P002,C0460,3,Retail Partner
ORD01110,2026-05-08,P003,C0424,2,Web
ORD01111,2025-12-16,P005,C0401,2,Retail Partner
ORD01112,2025-03-31,P003,C0399,1,Retail Partner
ORD01113,2024-07-25,P003,C0106,1,Web
ORD01114,2024-11-26,P002,C0271,3,Web
ORD01115,2026-01-20,P002,C0463,3,Web
ORD01116,2024-12-05,P003,C0319,2,Retail Partner
ORD01117,2024-03-21,P006,C0167,1,Web
ORD01118,2026-01-20,P003,C0013,3,App
ORD01119,2026-05-01,P003,C0337,3,Web
ORD01120,2024-05-02,P004,C0032,4,Web
ORD01121,2025-06-28,P003,C0393,3,Web
ORD01122,2025-07-23,P001,C0040,2,Web
ORD01123,2024-12-27,P003,C0148,1,Web
ORD01124,2025-11-22,P006,C0218,3,Web
ORD01125,2024-02-15,P002,C0219,4,Web
ORD01126,2026-04-15,P003,C0469,1,Web
ORD01127,2026-02-08,P002,C0082,3,Web
ORD01128,2026-06-14,P003,C0333,4,Retail Partner
ORD01129,2025-12-02,P001,C0208,3,Web
ORD01130,2025-06-18,P003,C0201,1,Web
ORD01131,2025-12-17,P005,C0447,1,App
ORD01132,2026-02-26,P002,C0332,1,Web
ORD01133,2024-12-11,P003,C0428,2,Retail Partner
ORD01134,2024-06-02,P005,C0038,3,Web
ORD01135,2025-07-19,P006,C0211,2,Web
ORD01136,2025-10-23,P002,C0444,1,App
ORD01137,2026-05-06,P002,C0327,4,Web
ORD01138,2025-08-13,P002,C0249,3,Retail Partner
ORD01139,2024-12-23,P006,C0227,2,Web
ORD01140,2024-07-07,P006,C0048,3,Retail Partner
ORD01141,2024-06-24,P003,C0018,4,App
ORD01142,2026-02-09,P005,C0400,2,Web
ORD01143,2024-10-11,P003,C0439,1,App
ORD01144,2024-03-28,P003,C0295,2,Web
ORD01145,2026-01-31,P001,C0196,3,Retail Partner
ORD01146,2025-08-23,P005,C0187,3,Web
ORD01147,2025-06-06,P002,C0345,3,App
ORD01148,2025-03-19,P005,C0224,3,Web
ORD01149,2025-03-26,P005,C0318,1,Web
ORD01150,2025-10-30,P004,C0488,2,App
ORD01151,2025-11-04,P001,C0397,1,Retail Partner
ORD01152,2025-01-22,P002,C0365,1,Web
ORD01153,2025-12-11,P002,C0337,1,Web
ORD01154,2025-07-22,P002,C0497,3,Web
ORD01155,2024-06-15,P001,C0229,3,Web
ORD01156,2026-01-20,P006,C0390,3,Web
ORD01157,2024-05-28,P003,C0467,2,Retail Partner
ORD01158,2024-10-28,P002,C0077,4,Web
ORD01159,2024-05-09,P002,C0188,3,Retail Partner
ORD01160,2024-08-08,P003,C0346,2,App
ORD01161,2024-11-20,P003,C0270,3,Web
ORD01162,2025-05-26,P003,C0095,3,Web
ORD01163,2025-04-18,P006,C0310,1,Web
ORD01164,2024-06-03,P003,C0132,1,Web
ORD01165,2024-10-08,P006,C0039,1,Retail Partner
ORD01166,2024-06-13,P005,C0072,2,Web
ORD01167,2025-10-27,P002,C0281,4,Retail Partner
ORD01168,2025-12-27,P006,C0333,4,Web
ORD01169,2026-04-19,P002,C0160,2,Web
ORD01170,2024-11-30,P005,C0187,3,Web
ORD01171,2025-11-07,P002,C0486,2,Web
ORD01172,2025-02-28,P005,C0191,3,Web
ORD01173,2025-09-01,P005,C0422,2,Web
ORD01174,2024-08-27,P005,C0120,2,App
ORD01175,2025-08-11,P005,C0220,2,Retail Partner
ORD01176,2025-05-23,P002,C0053,4,Web
ORD01177,2026-05-16,P001,C0222,1,Web
ORD01178,2025-09-21,P003,C0451,2,Web
ORD01179,2025-08-19,P002,C0412,4,Web
ORD01180,2024-12-01,P003,C0131,1,Web
ORD01181,2025-01-06,P002,C0237,1,Web
ORD01182,2025-12-05,P006,C0246,2,Web
ORD01183,2024-03-16,P003,C0226,3,Web
ORD01184,2026-01-20,P005,C0208,3,Web
ORD01185,2025-04-23,P002,C0406,3,Web
ORD01186,2025-09-30,P005,C0096,2,Retail Partner
ORD01187,2024-09-13,P006,C0422,3,Web
ORD01188,2025-10-27,P003,C0200,4,Web
ORD01189,2024-03-06,P003,C0247,4,Web
ORD01190,2025-08-18,P005,C0072,4,App
ORD01191,2025-01-01,P002,C0318,4,App
ORD01192,2025-10-08,P003,C0185,1,Retail Partner
ORD01193,2025-01-14,P002,C0006,4,Web
ORD01194,2025-11-28,P002,C0206,3,Web
ORD01195,2026-05-18,P002,C0032,2,Retail Partner
ORD01196,2025-05-14,P001,C0099,3,Web
ORD01197,2025-04-28,P001,C0394,4,Web
ORD01198,2024-07-26,P002,C0387,1,App
ORD01199,2026-06-18,P006,C0256,4,Web
ORD01200,2024-05-19,P003,C0187,2,Web
ORD01201,2025-12-13,P006,C0076,3,Web
ORD01202,2026-02-07,P003,C0177,2,Web
ORD01203,2024-02-29,P002,C0315,2,Web
ORD01204,2025-01-20,P003,C0287,2,Retail Partner
ORD01205,2024-08-13,P003,C0349,3,Retail Partner
ORD01206,2026-01-28,P002,C0255,4,Web
ORD01207,2024-05-06,P003,C0325,2,App
ORD01208,2025-05-14,P002,C0190,3,Web
ORD01209,2024-11-12,P003,C0308,1,Web
ORD01210,2025-08-10,P003,C0345,3,Retail Partner
ORD01211,2024-05-08,P002,C0127,1,Retail Partner
ORD01212,2024-12-06,P001,C0425,3,Retail Partner
ORD01213,2025-06-14,P005,C0287,4,App
ORD01214,2024-12-23,P003,C0254,2,Retail Partner
ORD01215,2024-05-18,P001,C0213,4,App
ORD01216,2024-11-20,P006,C0250,3,Web
ORD01217,2026-01-15,P001,C0084,2,Retail Partner
ORD01218,2025-06-17,P003,C0487,1,App
ORD01219,2024-07-28,P006,C0383,3,Retail Partner
ORD01220,2024-06-24,P002,C0406,2,Web
ORD01221,2024-02-09,P002,C0388,1,Web
ORD01222,2025-07-19,P002,C0013,1,Web
ORD01223,2024-05-29,P002,C0045,4,Web
ORD01224,2024-02-25,P002,C0127,3,App
ORD01225,2024-06-29,P003,C0426,1,Web
ORD01226,2025-12-25,P001,C0114,2,Web
ORD01227,2024-05-17,P003,C0433,1,App
ORD01228,2026-05-01,P006,C0276,1,Web
ORD01229,2026-03-02,P005,C0500,4,Web
ORD01230,2025-11-15,P003,C0205,4,Web
ORD01231,2024-12-16,P002,C0337,2,Retail Partner
ORD01232,2024-09-11,P003,C0438,4,Web
ORD01233,2024-04-15,P003,C0420,1,App
ORD01234,2025-04-17,P003,C0481,1,Web
ORD01235,2025-01-11,P002,C0385,4,Web
ORD01236,2025-11-03,P005,C0399,1,Web
ORD01237,2024-11-30,P003,C0461,1,Retail Partner
ORD01238,2025-10-26,P002,C0273,2,Web
ORD01239,2026-02-02,P002,C0408,4,Web
ORD01240,2024-10-04,P003,C0058,1,Web
ORD01241,2024-05-28,P005,C0328,4,App
ORD01242,2024-09-19,P004,C0498,2,Web
ORD01243,2025-10-31,P005,C0219,4,Retail Partner
ORD01244,2025-02-09,P001,C0109,1,App
ORD01245,2025-02-20,P003,C0279,4,Web
ORD01246,2025-01-12,P003,C0174,1,Web
ORD01247,2025-01-13,P001,C0328,1,Web
ORD01248,2026-06-08,P002,C0264,1,Web
ORD01249,2025-11-22,P005,C0315,2,Web
ORD01250,2024-08-13,P002,C0474,4,Web
ORD01251,2024-06-01,P003,C0111,2,Web
ORD01252,2024-06-05,P002,C0187,4,Web
ORD01253,2025-12-14,P001,C0269,2,Web
ORD01254,2025-08-13,P002,C0423,3,Web
ORD01255,2025-12-10,P006,C0229,1,Retail Partner
ORD01256,2025-03-29,P005,C0497,1,App
ORD01257,2024-02-23,P006,C0156,2,App
ORD01258,2024-07-21,P003,C0473,3,Web
ORD01259,2025-02-27,P002,C0189,1,Web
ORD01260,2025-06-01,P003,C0272,4,Web
ORD01261,2025-08-14,P003,C0375,2,Web
ORD01262,2026-04-06,P005,C0002,1,Web
ORD01263,2025-12-26,P001,C0246,1,Retail Partner
ORD01264,2024-06-08,P003,C0210,2,Web
ORD01265,2024-04-20,P002,C0401,2,Web
ORD01266,2025-07-29,P002,C0286,4,App
ORD01267,2024-11-05,P004,C0359,4,Web
ORD01268,2024-12-02,P003,C0013,1,Web
ORD01269,2025-05-09,P002,C0096,1,Web
ORD01270,2024-09-22,P002,C0498,2,Web
ORD01271,2025-09-21,P003,C0221,1,Retail Partner
ORD01272,2024-07-29,P005,C0238,1,Web
ORD01273,2024-06-06,P005,C0094,2,Web
ORD01274,2026-02-21,P006,C0338,1,Retail Partner
ORD01275,2024-08-27,P005,C0269,1,App
ORD01276,2025-04-07,P002,C0171,3,App
ORD01277,2025-09-02,P003,C0469,4,App
ORD01278,2026-03-08,P003,C0094,2,Web
ORD01279,2024-04-13,P002,C0149,3,Web
ORD01280,2024-06-11,P005,C0112,4,Web
ORD01281,2024-03-08,P001,C0055,4,Web
ORD01282,2025-05-15,P006,C0337,4,Retail Partner
ORD01283,2024-10-02,P003,C0424,3,App
ORD01284,2024-09-07,P003,C0467,3,Web
ORD01285,2024-05-26,P003,C0116,4,Web
ORD01286,2024-02-06,P005,C0143,1,Web
ORD01287,2025-11-12,P003,C0201,1,App
ORD01288,2026-02-08,P003,C0180,3,Web
ORD01289,2024-12-07,P001,C0202,3,App
ORD01290,2026-05-12,P003,C0364,3,App
ORD01291,2024-09-07,P002,C0479,4,App
ORD01292,2025-09-05,P004,C0053,1,Retail Partner
ORD01293,2026-06-07,P003,C0471,3,Retail Partner
ORD01294,2024-12-22,P003,C0384,3,Web
ORD01295,2025-12-22,P001,C0180,2,Web
ORD01296,2024-02-08,P001,C0414,4,Web
ORD01297,2024-06-02,P004,C0417,2,Web
ORD01298,2025-05-25,P001,C0313,1,App
ORD01299,2025-01-17,P001,C0308,2,Web
ORD01300,2026-01-31,P001,C0137,2,App
ORD01301,2026-05-27,P006,C0182,2,Web
ORD01302,2025-06-22,P004,C0367,4,Web
ORD01303,2025-01-26,P002,C0001,1,App
ORD01304,2024-06-21,P002,C0044,2,Web
ORD01305,2026-05-27,P002,C0227,4,Web
ORD01306,2026-05-29,P005,C0331,1,Web
ORD01307,2024-09-25,P003,C0098,3,Retail Partner
ORD01308,2025-02-16,P002,C0208,2,Web
ORD01309,2026-03-30,P002,C0265,1,Web
ORD01310,2024-05-16,P001,C0288,2,Web
ORD01311,2025-05-27,P003,C0271,3,Retail Partner
ORD01312,2025-07-28,P005,C0140,1,Retail Partner
ORD01313,2026-03-19,P002,C0481,4,Web
ORD01314,2026-04-22,P001,C0237,1,Web
ORD01315,2026-02-11,P001,C0462,4,App
ORD01316,2025-04-11,P006,C0441,1,Web
ORD01317,2024-02-07,P002,C0392,4,Web
ORD01318,2026-06-18,P005,C0072,3,Web
ORD01319,2025-03-14,P003,C0155,3,App
ORD01320,2025-02-22,P002,C0190,3,Web
ORD01321,2024-08-29,P002,C0268,1,Web
ORD01322,2025-07-30,P002,C0321,3,Retail Partner
ORD01323,2024-04-19,P003,C0107,2,Retail Partner
ORD01324,2026-05-06,P005,C0232,3,Web
ORD01325,2025-12-18,P003,C0042,4,Web
ORD01326,2026-03-01,P003,C0190,4,Retail Partner
ORD01327,2024-12-11,P001,C0371,4,App
ORD01328,2025-07-02,P006,C0139,1,Retail Partner
ORD01329,2026-04-27,P005,C0103,2,Web
ORD01330,2024-10-06,P002,C0171,3,Web
ORD01331,2026-02-05,P006,C0351,2,App
ORD01332,2025-02-26,P003,C0273,2,App
ORD01333,2024-11-03,P003,C0481,4,Web
ORD01334,2025-08-24,P004,C0416,4,Web
ORD01335,2025-11-10,P005,C0221,4,Retail Partner
ORD01336,2025-09-25,P003,C0213,1,Web
ORD01337,2024-02-15,P002,C0341,2,Web
ORD01338,2024-12-01,P002,C0424,2,Web
ORD01339,2024-08-03,P006,C0407,1,Web
ORD01340,2026-02-12,P002,C0056,1,Web
ORD01341,2024-04-13,P002,C0390,1,Retail Partner
ORD01342,2025-01-02,P003,C0342,2,Web
ORD01343,2024-12-12,P003,C0434,2,Web
ORD01344,2024-06-28,P003,C0102,4,Web
ORD01345,2025-05-28,P006,C0421,4,Web
ORD01346,2025-09-01,P002,C0493,2,Web
ORD01347,2024-08-30,P002,C0192,4,Web
ORD01348,2025-06-27,P002,C0499,1,Retail Partner
ORD01349,2025-10-19,P005,C0310,3,Web
ORD01350,2025-11-06,P003,C0200,4,Web
ORD01351,2024-05-18,P002,C0233,2,Web
ORD01352,2025-06-04,P005,C0433,4,Web
ORD01353,2024-08-22,P005,C0227,4,App
ORD01354,2024-05-27,P005,C0371,4,Web
ORD01355,2025-02-19,P006,C0139,3,App
ORD01356,2026-01-19,P002,C0344,1,Web
ORD01357,2025-08-14,P005,C0305,2,App
ORD01358,2026-02-04,P003,C0149,3,Web
ORD01359,2025-02-10,P005,C0115,2,Retail Partner
ORD01360,2025-01-06,P004,C0450,2,Web
ORD01361,2025-03-31,P005,C0063,2,Web
ORD01362,2024-08-18,P003,C0104,3,App
ORD01363,2024-11-01,P002,C0339,1,Retail Partner
ORD01364,2026-04-04,P003,C0359,2,Web
ORD01365,2025-10-25,P006,C0156,1,Web
ORD01366,2025-12-25,P006,C0273,1,Web
ORD01367,2024-03-15,P001,C0006,4,App
ORD01368,2026-03-10,P002,C0147,3,Web
ORD01369,2025-04-18,P002,C0184,3,Web
ORD01370,2024-09-23,P004,C0486,4,Retail Partner
ORD01371,2024-08-26,P005,C0028,4,App
ORD01372,2026-06-18,P002,C0450,1,Retail Partner
ORD01373,2025-06-22,P003,C0038,2,Retail Partner
ORD01374,2024-06-29,P005,C0119,3,Retail Partner
ORD01375,2026-02-11,P004,C0293,2,Web
ORD01376,2026-01-27,P003,C0371,2,Web
ORD01377,2026-05-24,P003,C0244,4,App
ORD01378,2024-10-22,P003,C0068,2,Web
ORD01379,2025-08-14,P002,C0214,1,App
ORD01380,2024-08-07,P003,C0218,4,Web
ORD01381,2025-10-10,P003,C0177,2,Web
ORD01382,2026-05-06,P005,C0299,4,App
ORD01383,2025-04-02,P003,C0164,1,Retail Partner
ORD01384,2025-07-16,P005,C0058,1,Web
ORD01385,2025-09-22,P002,C0269,2,Retail Partner
ORD01386,2024-07-24,P003,C0308,4,Retail Partner
ORD01387,2024-02-01,P001,C0058,2,Web
ORD01388,2024-07-04,P002,C0288,2,Web
ORD01389,2025-10-29,P004,C0465,4,App
ORD01390,2024-03-16,P006,C0105,2,App
ORD01391,2025-03-22,P001,C0228,1,Web
ORD01392,2024-06-30,P003,C0247,4,App
ORD01393,2025-12-24,P005,C0188,4,App
ORD01394,2025-06-14,P002,C0494,4,Web
ORD01395,2024-02-04,P003,C0083,4,Retail Partner
ORD01396,2025-06-29,P004,C0186,2,Web
ORD01397,2026-03-26,P003,C0252,2,Web
ORD01398,2024-07-01,P002,C0355,1,Retail Partner
ORD01399,2025-07-14,P002,C0238,3,App
ORD01400,2025-02-13,P005,C0360,3,Retail Partner
ORD01401,2026-04-30,P003,C0184,1,Web
ORD01402,2025-09-20,P001,C0284,3,Web
ORD01403,2025-07-11,P005,C0385,1,Web
ORD01404,2026-03-22,P001,C0426,2,Web
ORD01405,2026-02-19,P004,C0210,4,Web
ORD01406,2024-10-27,P002,C0304,4,Web
ORD01407,2024-07-09,P006,C0296,2,Web
ORD01408,2026-04-13,P002,C0097,4,Retail Partner
ORD01409,2024-10-07,P002,C0447,4,Web
ORD01410,2025-06-21,P002,C0460,3,Web
ORD01411,2025-03-29,P002,C0456,2,Web
ORD01412,2025-03-20,P005,C0472,3,Web
ORD01413,2026-03-08,P006,C0208,3,Web
ORD01414,2025-10-05,P002,C0370,4,Web
ORD01415,2025-04-27,P003,C0388,4,App
ORD01416,2024-02-12,P004,C0422,2,Web
ORD01417,2024-03-29,P005,C0492,4,Retail Partner
ORD01418,2025-04-19,P003,C0411,4,App
ORD01419,2026-04-11,P002,C0137,2,Retail Partner
ORD01420,2024-09-24,P003,C0367,4,Web
ORD01421,2024-08-03,P003,C0400,3,App
ORD01422,2025-06-27,P001,C0184,2,Web
ORD01423,2025-02-01,P003,C0076,4,Web
ORD01424,2024-05-31,P002,C0287,1,App
ORD01425,2025-10-06,P005,C0472,2,Retail Partner
ORD01426,2024-05-20,P001,C0375,2,Web
ORD01427,2024-12-14,P003,C0142,1,Web
ORD01428,2024-02-14,P003,C0237,4,Web
ORD01429,2025-11-25,P003,C0025,4,Web
ORD01430,2025-07-24,P001,C0290,2,Web
ORD01431,2025-03-07,P003,C0067,2,App
ORD01432,2024-03-20,P003,C0250,4,App
ORD01433,2025-05-29,P003,C0408,4,App
ORD01434,2026-05-15,P003,C0118,3,Web
ORD01435,2025-08-09,P003,C0490,2,Retail Partner
ORD01436,2026-04-07,P005,C0073,2,App
ORD01437,2026-02-08,P002,C0282,1,App
ORD01438,2026-03-19,P005,C0404,3,Web
ORD01439,2024-03-30,P003,C0448,4,Web
ORD01440,2025-11-06,P001,C0360,3,Web
ORD01441,2025-05-20,P001,C0010,4,Web
ORD01442,2024-07-25,P002,C0211,4,Retail Partner
ORD01443,2024-05-28,P005,C0323,3,App
ORD01444,2024-07-04,P004,C0152,2,Web
ORD01445,2025-04-16,P005,C0005,4,Web
ORD01446,2025-01-24,P003,C0195,3,Web
ORD01447,2026-06-08,P003,C0442,1,Web
ORD01448,2026-06-13,P002,C0283,3,Web
ORD01449,2025-09-20,P002,C0464,1,Retail Partner
ORD01450,2024-11-24,P003,C0113,4,Web
ORD01451,2024-12-07,P001,C0271,3,Retail Partner
ORD01452,2024-08-28,P002,C0163,3,Web
ORD01453,2025-04-01,P003,C0460,1,Web
ORD01454,2026-03-18,P004,C0105,3,Web
ORD01455,2025-09-08,P006,C0181,3,App
ORD01456,2025-04-20,P006,C0044,4,Web
ORD01457,2026-02-13,P003,C0282,3,App
ORD01458,2024-02-13,P003,C0175,2,Web
ORD01459,2025-04-03,P003,C0162,1,App
ORD01460,2024-02-29,P005,C0471,3,App
ORD01461,2025-07-26,P002,C0351,1,Web
ORD01462,2025-06-07,P003,C0434,1,Retail Partner
ORD01463,2024-09-27,P005,C0340,1,Web
ORD01464,2026-03-17,P002,C0140,3,App
ORD01465,2025-01-13,P003,C0471,3,Web
ORD01466,2024-09-04,P003,C0132,1,Web
ORD01467,2026-01-31,P002,C0087,2,Retail Partner
ORD01468,2024-06-20,P002,C0176,1,App
ORD01469,2025-03-20,P002,C0183,2,Web
ORD01470,2026-01-23,P001,C0368,1,Retail Partner
ORD01471,2024-10-14,P001,C0129,4,Web
ORD01472,2026-05-10,P005,C0246,1,Web
ORD01473,2025-11-16,P002,C0089,1,Retail Partner
ORD01474,2025-04-01,P003,C0066,3,Web
ORD01475,2026-02-18,P002,C0158,2,Web
ORD01476,2024-12-10,P006,C0387,4,App
ORD01477,2025-12-08,P002,C0378,2,Web
ORD01478,2026-06-02,P003,C0149,4,Retail Partner
ORD01479,2025-07-12,P005,C0473,1,Web
ORD01480,2024-04-26,P005,C0340,3,Web
ORD01481,2024-05-02,P002,C0433,3,Web
ORD01482,2024-03-07,P005,C0116,2,Retail Partner
ORD01483,2024-03-11,P003,C0214,3,Retail Partner
ORD01484,2025-12-19,P003,C0469,2,Web
ORD01485,2024-12-21,P002,C0446,2,Web
ORD01486,2025-02-10,P001,C0481,4,App
ORD01487,2024-06-30,P004,C0372,2,Web
ORD01488,2025-01-23,P003,C0294,4,App
ORD01489,2026-05-05,P003,C0253,3,Web
ORD01490,2025-04-15,P004,C0143,2,Retail Partner
ORD01491,2024-10-13,P005,C0250,2,Web
ORD01492,2025-02-14,P002,C0366,1,App
ORD01493,2025-12-12,P003,C0436,2,Retail Partner
ORD01494,2025-12-28,P002,C0463,2,Web
ORD01495,2024-06-25,P005,C0302,1,Web
ORD01496,2024-11-11,P003,C0025,1,Retail Partner
ORD01497,2024-09-15,P006,C0277,3,Retail Partner
ORD01498,2024-07-13,P001,C0472,2,Web
ORD01499,2024-09-25,P001,C0377,3,Web
ORD01500,2025-06-11,P002,C0378,3,App
ORD01501,2024-12-29,P002,C0389,1,Web
ORD01502,2024-04-11,P002,C0070,4,Retail Partner
ORD01503,2025-01-15,P006,C0113,3,Web
ORD01504,2024-08-13,P002,C0363,4,App
ORD01505,2026-04-04,P002,C0112,2,App
ORD01506,2025-10-15,P005,C0364,1,App
ORD01507,2026-01-02,P003,C0303,2,Web
ORD01508,2026-03-06,P005,C0471,2,App
ORD01509,2025-11-05,P001,C0452,1,Web
ORD01510,2026-01-31,P003,C0091,2,Web
ORD01511,2025-11-23,P001,C0018,1,Web
ORD01512,2024-07-29,P001,C0149,4,Web
ORD01513,2025-05-31,P006,C0476,2,App
ORD01514,2024-02-29,P002,C0227,1,Web
ORD01515,2026-06-01,P003,C0214,3,Retail Partner
ORD01516,2024-10-11,P003,C0360,2,Retail Partner
ORD01517,2025-07-31,P002,C0151,4,Retail Partner
ORD01518,2026-02-25,P005,C0192,1,Web
ORD01519,2024-02-25,P001,C0451,2,Web
ORD01520,2024-06-29,P003,C0040,2,App
ORD01521,2026-03-26,P006,C0242,2,Web
ORD01522,2025-11-10,P003,C0138,4,Web
ORD01523,2025-06-11,P006,C0345,1,Web
ORD01524,2024-05-26,P001,C0180,3,Web
ORD01525,2025-04-14,P003,C0497,3,App
ORD01526,2026-01-23,P002,C0200,3,Web
ORD01527,2026-02-28,P004,C0203,1,Web
ORD01528,2024-10-27,P006,C0061,3,Web
ORD01529,2024-11-19,P002,C0192,4,Web
ORD01530,2025-10-22,P003,C0005,1,Web
ORD01531,2025-05-08,P002,C0378,2,Web
ORD01532,2025-10-09,P003,C0237,4,Web
ORD01533,2025-04-25,P003,C0181,2,Retail Partner
ORD01534,2024-05-21,P006,C0311,3,Web
ORD01535,2024-11-29,P003,C0037,4,Web
ORD01536,2025-05-05,P002,C0056,1,Web
ORD01537,2025-02-20,P002,C0443,4,Web
ORD01538,2025-02-11,P002,C0237,2,App
ORD01539,2025-10-29,P002,C0358,1,Web
ORD01540,2024-02-02,P002,C0349,4,Web
ORD01541,2024-12-18,P005,C0197,4,Web
ORD01542,2025-05-12,P003,C0073,4,App
ORD01543,2025-07-13,P003,C0059,4,Web
ORD01544,2025-06-08,P002,C0240,1,App
ORD01545,2025-08-11,P005,C0002,2,Web
ORD01546,2026-01-10,P004,C0449,4,App
ORD01547,2025-01-21,P001,C0360,1,App
ORD01548,2024-11-26,P004,C0188,2,Web
ORD01549,2026-03-10,P003,C0307,4,Web
ORD01550,2024-05-07,P001,C0030,2,Web
ORD01551,2025-03-31,P003,C0267,2,Web
ORD01552,2025-08-17,P003,C0476,1,Web
ORD01553,2025-06-24,P002,C0108,2,Web
ORD01554,2026-04-16,P006,C0332,1,Web
ORD01555,2025-07-05,P005,C0423,4,Web
ORD01556,2024-10-11,P003,C0090,2,Web
ORD01557,2025-12-30,P003,C0205,2,Web
ORD01558,2026-03-29,P003,C0379,3,Web
ORD01559,2026-01-14,P003,C0456,4,App
ORD01560,2024-08-05,P003,C0447,4,Web
ORD01561,2025-10-11,P001,C0448,3,Retail Partner
ORD01562,2024-11-17,P003,C0445,3,Web
ORD01563,2025-12-26,P005,C0381,1,Web
ORD01564,2024-10-04,P003,C0438,1,Web
ORD01565,2024-12-20,P001,C0220,2,Web
ORD01566,2024-12-27,P005,C0378,2,App
ORD01567,2025-01-13,P002,C0094,2,Retail Partner
ORD01568,2024-02-07,P002,C0457,2,Web
ORD01569,2026-06-01,P002,C0103,1,App
ORD01570,2026-06-16,P002,C0223,4,Web
ORD01571,2024-04-21,P005,C0186,2,App
ORD01572,2024-07-17,P003,C0469,4,App
ORD01573,2025-07-29,P002,C0184,2,Web
ORD01574,2024-05-10,P005,C0495,3,Web
ORD01575,2026-03-01,P005,C0162,2,Web
ORD01576,2026-03-12,P005,C0247,2,Retail Partner
ORD01577,2024-06-14,P002,C0031,2,Web
ORD01578,2024-11-04,P003,C0052,1,App
ORD01579,2024-12-28,P006,C0345,3,Retail Partner
ORD01580,2024-11-18,P005,C0076,2,Web
ORD01581,2024-06-13,P001,C0385,2,Web
ORD01582,2024-03-19,P001,C0439,4,Retail Partner
ORD01583,2024-07-27,P003,C0278,3,Web
ORD01584,2024-05-04,P006,C0040,2,Retail Partner
ORD01585,2025-01-13,P003,C0101,4,Web
ORD01586,2024-07-24,P003,C0111,4,Web
ORD01587,2024-08-17,P002,C0385,1,Web
ORD01588,2025-01-01,P003,C0321,4,Retail Partner
ORD01589,2025-01-12,P005,C0249,2,Web
ORD01590,2024-12-30,P002,C0191,1,Retail Partner
ORD01591,2024-06-20,P005,C0490,1,Web
ORD01592,2024-11-30,P006,C0182,2,Retail Partner
ORD01593,2025-06-04,P002,C0426,3,Web
ORD01594,2025-03-19,P003,C0405,4,Web
ORD01595,2025-06-20,P002,C0335,1,Retail Partner
ORD01596,2024-12-29,P005,C0209,3,Web
ORD01597,2026-06-12,P003,C0022,2,Web
ORD01598,2026-04-08,P003,C0166,4,Web
ORD01599,2024-12-09,P005,C0099,4,Retail Partner
ORD01600,2025-10-29,P002,C0493,1,App
ORD01601,2024-12-26,P006,C0208,4,Web
ORD01602,2025-10-09,P003,C0008,4,Web
ORD01603,2024-09-23,P002,C0190,4,Retail Partner
ORD01604,2026-01-28,P003,C0175,4,Web
ORD01605,2025-08-07,P005,C0273,2,App
ORD01606,2025-03-14,P002,C0017,3,Web
ORD01607,2025-08-20,P005,C0090,2,App
ORD01608,2025-06-11,P006,C0141,2,Retail Partner
ORD01609,2026-05-19,P002,C0145,1,Retail Partner
ORD01610,2025-07-11,P006,C0166,4,Retail Partner
ORD01611,2024-09-07,P002,C0337,2,Web
ORD01612,2025-12-26,P002,C0496,4,Web
ORD01613,2026-03-20,P002,C0078,2,Web
ORD01614,2026-05-01,P005,C0429,2,Retail Partner
ORD01615,2025-12-28,P003,C0262,1,Retail Partner
ORD01616,2025-04-18,P002,C0163,3,App
ORD01617,2024-06-11,P003,C0366,3,Web
ORD01618,2025-08-31,P003,C0014,2,Web
ORD01619,2025-08-24,P001,C0239,1,Web
ORD01620,2025-03-30,P005,C0072,4,Retail Partner
ORD01621,2024-09-10,P005,C0445,4,Web
ORD01622,2024-03-02,P003,C0143,2,Web
ORD01623,2025-11-09,P006,C0310,3,App
ORD01624,2025-08-16,P003,C0283,1,Web
ORD01625,2026-05-05,P006,C0269,3,Web
ORD01626,2025-12-24,P003,C0241,4,Web
ORD01627,2024-04-16,P003,C0415,3,Retail Partner
ORD01628,2026-03-02,P002,C0245,4,Web
ORD01629,2025-02-20,P005,C0163,1,Retail Partner
ORD01630,2024-06-30,P003,C0060,1,Web
ORD01631,2024-04-15,P002,C0006,2,App
ORD01632,2024-12-11,P001,C0197,2,Web
ORD01633,2024-11-20,P003,C0470,3,Web
ORD01634,2025-07-30,P003,C0058,1,Retail Partner
ORD01635,2024-11-07,P004,C0305,1,Retail Partner
ORD01636,2024-11-05,P005,C0407,2,Web
ORD01637,2024-06-13,P001,C0217,4,Retail Partner
ORD01638,2024-05-07,P004,C0418,3,Web
ORD01639,2025-12-29,P002,C0026,3,App
ORD01640,2026-02-09,P005,C0303,2,App
ORD01641,2024-03-28,P005,C0005,1,Web
ORD01642,2025-03-15,P003,C0474,2,App
ORD01643,2026-02-10,P004,C0020,2,Web
ORD01644,2025-12-24,P002,C0390,2,Web
ORD01645,2024-10-25,P003,C0198,2,App
ORD01646,2025-03-28,P005,C0059,4,Retail Partner
ORD01647,2024-07-13,P003,C0448,4,Web
ORD01648,2024-12-14,P002,C0242,1,Web
ORD01649,2025-03-17,P003,C0146,2,Web
ORD01650,2024-10-20,P005,C0388,4,App
ORD01651,2024-08-28,P002,C0273,1,Web
ORD01652,2024-11-26,P002,C0249,2,Web
ORD01653,2026-06-18,P004,C0014,3,Web
ORD01654,2024-11-14,P005,C0462,4,Web
ORD01655,2024-04-01,P002,C0013,1,Web
ORD01656,2025-10-16,P002,C0391,3,Web
ORD01657,2025-03-03,P002,C0384,2,Web
ORD01658,2024-04-21,P002,C0044,2,Web
ORD01659,2025-02-08,P003,C0375,2,App
ORD01660,2024-10-28,P004,C0399,4,Web
ORD01661,2025-05-14,P003,C0019,1,Retail Partner
ORD01662,2025-12-04,P003,C0063,3,Retail Partner
ORD01663,2026-05-28,P002,C0491,1,App
ORD01664,2024-08-13,P005,C0239,4,App
ORD01665,2025-09-03,P003,C0492,1,Web
ORD01666,2025-01-09,P006,C0419,4,Web
ORD01667,2024-03-14,P003,C0337,2,Web
ORD01668,2025-11-15,P002,C0419,3,Web
ORD01669,2025-02-28,P003,C0403,2,Retail Partner
ORD01670,2025-04-05,P002,C0404,1,Retail Partner
ORD01671,2024-02-16,P003,C0100,2,App
ORD01672,2025-05-23,P001,C0163,3,Web
ORD01673,2025-03-26,P002,C0416,2,App
ORD01674,2024-03-17,P005,C0122,3,Web
ORD01675,2024-05-17,P002,C0432,3,Web
ORD01676,2025-06-27,P005,C0044,2,Web
ORD01677,2026-06-18,P002,C0360,4,Retail Partner
ORD01678,2024-09-12,P003,C0408,1,Web
ORD01679,2025-03-12,P003,C0317,4,App
ORD01680,2025-08-03,P003,C0381,4,App
ORD01681,2025-08-05,P002,C0145,2,App
ORD01682,2025-05-11,P002,C0327,1,Web
ORD01683,2025-06-25,P001,C0363,1,App
ORD01684,2025-07-25,P002,C0050,4,Retail Partner
ORD01685,2026-01-26,P003,C0065,2,Web
ORD01686,2024-12-26,P006,C0355,1,Web
ORD01687,2024-05-31,P005,C0288,4,Web
ORD01688,2024-06-25,P005,C0164,1,Web
ORD01689,2025-03-02,P005,C0141,2,Web
ORD01690,2025-03-13,P003,C0454,2,App
ORD01691,2024-09-25,P002,C0314,2,Web
ORD01692,2025-06-11,P006,C0128,1,Web
ORD01693,2026-02-23,P003,C0398,3,App
ORD01694,2024-03-24,P003,C0421,1,Web
ORD01695,2025-08-11,P002,C0368,3,App
ORD01696,2025-04-24,P003,C0463,2,Web
ORD01697,2026-04-13,P003,C0239,4,Web
ORD01698,2025-02-26,P005,C0324,3,Web
ORD01699,2024-09-29,P003,C0296,2,Web
ORD01700,2026-06-13,P002,C0187,2,Web
ORD01701,2026-03-06,P006,C0208,3,Retail Partner
ORD01702,2024-07-24,P002,C0220,4,Web
ORD01703,2024-04-18,P003,C0400,2,App
ORD01704,2026-05-19,P001,C0190,3,Web
ORD01705,2024-10-29,P004,C0388,4,Web
ORD01706,2025-07-08,P006,C0429,4,Retail Partner
ORD01707,2025-04-22,P002,C0346,2,Web
ORD01708,2026-05-04,P005,C0284,1,Retail Partner
ORD01709,2026-06-19,P002,C0352,1,App
ORD01710,2024-07-10,P006,C0237,2,Retail Partner
ORD01711,2024-11-03,P005,C0194,4,Web
ORD01712,2024-07-05,P005,C0287,2,Web
ORD01713,2025-04-12,P001,C0259,3,Retail Partner
ORD01714,2025-10-03,P006,C0246,1,App
ORD01715,2026-01-25,P004,C0136,3,Web
ORD01716,2025-05-15,P002,C0280,2,Web
ORD01717,2025-07-28,P005,C0271,2,Web
ORD01718,2025-03-04,P002,C0171,4,Web
ORD01719,2024-09-08,P005,C0159,4,Web
ORD01720,2024-03-29,P002,C0201,4,Web
ORD01721,2025-10-25,P004,C0487,3,App
ORD01722,2024-07-12,P003,C0045,4,App
ORD01723,2026-04-09,P001,C0450,2,Retail Partner
ORD01724,2025-08-15,P002,C0264,4,Web
ORD01725,2024-09-16,P001,C0071,1,Web
ORD01726,2024-12-30,P003,C0364,4,App
ORD01727,2026-06-13,P002,C0371,3,App
ORD01728,2026-02-28,P003,C0103,1,App
ORD01729,2025-11-03,P002,C0490,1,Retail Partner
ORD01730,2024-10-26,P002,C0125,1,Web
ORD01731,2026-05-28,P004,C0313,3,App
ORD01732,2026-02-12,P001,C0464,2,Web
ORD01733,2025-04-19,P006,C0483,4,Web
ORD01734,2025-08-17,P005,C0286,1,Retail Partner
ORD01735,2024-05-27,P003,C0458,1,Web
ORD01736,2025-06-10,P003,C0230,1,Web
ORD01737,2025-09-07,P005,C0146,2,Web
ORD01738,2025-12-01,P002,C0370,2,Web
ORD01739,2024-11-08,P001,C0197,3,App
ORD01740,2025-05-02,P002,C0373,2,Web
ORD01741,2024-08-01,P005,C0221,4,Web
ORD01742,2024-10-30,P001,C0423,3,Web
ORD01743,2025-05-02,P003,C0060,3,Web
ORD01744,2025-12-24,P006,C0098,4,Web
ORD01745,2024-04-05,P005,C0171,4,Retail Partner
ORD01746,2024-12-22,P003,C0382,4,Web
ORD01747,2025-10-08,P001,C0173,3,Retail Partner
ORD01748,2026-01-13,P005,C0151,3,App
ORD01749,2025-12-10,P003,C0453,3,Retail Partner
ORD01750,2026-04-17,P002,C0350,4,Web
ORD01751,2026-05-03,P001,C0390,4,Web
ORD01752,2026-02-12,P006,C0440,1,App
ORD01753,2025-01-15,P003,C0122,2,Web
ORD01754,2024-09-04,P005,C0494,1,App
ORD01755,2024-07-03,P005,C0108,4,App
ORD01756,2025-02-10,P003,C0004,3,App
ORD01757,2025-04-09,P003,C0093,4,App
ORD01758,2024-10-12,P003,C0407,2,Web
ORD01759,2026-04-12,P002,C0006,1,Web
ORD01760,2025-06-13,P003,C0288,1,App
ORD01761,2024-09-12,P005,C0106,3,Web
ORD01762,2026-04-06,P003,C0146,1,Web
ORD01763,2026-05-23,P005,C0271,1,Retail Partner
ORD01764,2026-06-01,P003,C0424,4,Web
ORD01765,2025-06-30,P003,C0378,1,App
ORD01766,2025-08-27,P003,C0096,1,Retail Partner
ORD01767,2024-10-24,P003,C0457,1,Web
ORD01768,2024-07-03,P004,C0229,3,App
ORD01769,2026-01-24,P002,C0202,3,App
ORD01770,2025-05-20,P003,C0212,4,Retail Partner
ORD01771,2025-07-03,P002,C0006,1,Web
ORD01772,2024-10-29,P002,C0112,3,Web
ORD01773,2025-07-24,P003,C0376,3,Retail Partner
ORD01774,2026-03-02,P003,C0379,4,Web
ORD01775,2024-10-18,P006,C0447,2,Web
ORD01776,2024-10-10,P003,C0323,1,Retail Partner
ORD01777,2026-06-13,P004,C0106,3,Web
ORD01778,2025-09-17,P003,C0139,4,Web
ORD01779,2025-12-02,P003,C0299,4,Web
ORD01780,2025-10-17,P001,C0401,4,Web
ORD01781,2025-09-06,P002,C0096,3,Retail Partner
ORD01782,2025-05-04,P002,C0388,1,Web
ORD01783,2024-09-17,P003,C0447,2,Web
ORD01784,2024-02-23,P001,C0452,1,Retail Partner
ORD01785,2024-06-29,P002,C0337,4,App
ORD01786,2025-05-26,P002,C0297,4,Retail Partner
ORD01787,2024-12-04,P006,C0467,2,Web
ORD01788,2024-04-20,P002,C0389,1,Web
ORD01789,2026-04-26,P003,C0416,4,App
ORD01790,2025-03-23,P002,C0214,4,Web
ORD01791,2024-05-22,P003,C0454,1,Retail Partner
ORD01792,2025-04-29,P002,C0291,4,Web
ORD01793,2024-09-29,P002,C0022,1,Web
ORD01794,2026-02-23,P003,C0193,4,App
ORD01795,2024-09-01,P001,C0468,1,Retail Partner
ORD01796,2025-05-24,P001,C0150,2,Retail Partner
ORD01797,2025-01-04,P002,C0368,4,Web
ORD01798,2025-06-20,P001,C0247,2,Web
ORD01799,2024-07-10,P002,C0267,4,Web
ORD01800,2026-03-31,P002,C0461,4,Web
ORD01801,2025-10-08,P005,C0251,3,Web
ORD01802,2025-07-12,P003,C0490,1,Web
ORD01803,2025-02-03,P003,C0003,2,Web
ORD01804,2024-02-20,P002,C0393,2,App
ORD01805,2026-06-04,P006,C0316,2,Retail Partner
ORD01806,2025-09-29,P002,C0076,1,App
ORD01807,2026-06-12,P001,C0087,3,Web
ORD01808,2026-02-10,P003,C0270,2,App
ORD01809,2025-10-21,P002,C0225,1,Web
ORD01810,2025-08-25,P002,C0018,4,Web
ORD01811,2025-06-27,P003,C0113,2,App
ORD01812,2026-05-24,P005,C0251,2,Web
ORD01813,2024-06-21,P003,C0233,3,Web
ORD01814,2024-12-29,P004,C0329,2,Web
ORD01815,2024-12-02,P006,C0279,2,Web
ORD01816,2026-03-04,P002,C0202,4,Retail Partner
ORD01817,2025-08-29,P002,C0083,1,Retail Partner
ORD01818,2026-01-04,P002,C0125,1,Retail Partner
ORD01819,2024-11-14,P003,C0175,3,Web
ORD01820,2025-03-20,P003,C0069,4,Retail Partner
ORD01821,2025-10-01,P006,C0047,1,Web
ORD01822,2026-01-19,P004,C0372,4,Web
ORD01823,2024-02-18,P003,C0256,1,App
ORD01824,2026-02-26,P002,C0215,4,Web
ORD01825,2024-06-24,P005,C0030,3,Retail Partner
ORD01826,2025-03-09,P006,C0281,2,Web
ORD01827,2024-10-30,P005,C0412,3,Retail Partner
ORD01828,2026-04-24,P001,C0482,1,Retail Partner
ORD01829,2024-05-19,P003,C0237,3,Web
ORD01830,2025-04-28,P001,C0248,2,Web
ORD01831,2025-09-03,P002,C0368,3,Retail Partner
ORD01832,2025-11-10,P001,C0495,1,Web
ORD01833,2024-11-21,P003,C0025,1,Web
ORD01834,2024-07-02,P003,C0074,3,Retail Partner
ORD01835,2025-08-27,P002,C0206,2,Web
ORD01836,2025-02-09,P002,C0490,3,App
ORD01837,2025-01-10,P003,C0494,2,Web
ORD01838,2025-05-03,P002,C0314,4,Web
ORD01839,2025-09-24,P002,C0094,2,Retail Partner
ORD01840,2026-03-12,P003,C0375,4,Web
ORD01841,2024-08-10,P005,C0127,3,Web
ORD01842,2024-05-03,P001,C0425,2,Web
ORD01843,2025-12-17,P001,C0025,4,Web
ORD01844,2024-03-08,P002,C0334,4,Web
ORD01845,2024-03-21,P006,C0355,4,Web
ORD01846,2024-11-11,P003,C0116,1,Web
ORD01847,2025-10-01,P003,C0048,3,Web
ORD01848,2025-07-17,P002,C0226,4,Retail Partner
ORD01849,2024-06-05,P003,C0266,2,Retail Partner
ORD01850,2026-05-05,P001,C0099,4,Web
ORD01851,2024-03-18,P003,C0459,1,Retail Partner
ORD01852,2025-03-12,P006,C0011,3,App
ORD01853,2024-12-20,P003,C0085,1,Web
ORD01854,2025-11-17,P005,C0405,1,Retail Partner
ORD01855,2024-11-30,P004,C0214,1,Web
ORD01856,2026-04-07,P002,C0173,2,App
ORD01857,2024-10-22,P006,C0391,3,Web
ORD01858,2026-06-02,P001,C0209,3,Web
ORD01859,2025-01-11,P003,C0448,2,Retail Partner
ORD01860,2025-01-04,P002,C0382,3,Web
ORD01861,2024-04-27,P001,C0064,1,Web
ORD01862,2025-03-05,P003,C0258,3,Web
ORD01863,2026-04-03,P002,C0332,2,Web
ORD01864,2025-04-24,P003,C0121,1,Retail Partner
ORD01865,2026-04-01,P003,C0298,2,App
ORD01866,2025-04-13,P001,C0466,4,Web
ORD01867,2026-05-22,P002,C0054,1,Web
ORD01868,2026-04-04,P003,C0331,1,Retail Partner
ORD01869,2024-02-26,P002,C0272,3,Web
ORD01870,2026-04-29,P004,C0241,1,Retail Partner
ORD01871,2026-02-19,P003,C0243,2,Web
ORD01872,2024-12-18,P005,C0018,3,Web
ORD01873,2024-12-17,P003,C0483,4,Web
ORD01874,2025-10-15,P003,C0187,2,Web
ORD01875,2024-05-03,P003,C0346,4,Web
ORD01876,2026-01-08,P002,C0144,4,Web
ORD01877,2026-03-17,P002,C0262,4,Web
ORD01878,2025-05-23,P005,C0441,1,Web
ORD01879,2026-06-11,P003,C0364,2,Web
ORD01880,2025-02-07,P005,C0491,2,Web
ORD01881,2025-04-22,P005,C0431,1,Web
ORD01882,2024-09-15,P005,C0239,3,Web
ORD01883,2024-12-23,P006,C0304,4,Web
ORD01884,2024-07-30,P003,C0298,2,Retail Partner
ORD01885,2025-05-30,P002,C0076,1,App
ORD01886,2026-03-15,P003,C0188,4,Web
ORD01887,2025-12-23,P002,C0333,3,Web
ORD01888,2025-06-19,P003,C0388,3,Web
ORD01889,2025-03-28,P004,C0487,4,Retail Partner
ORD01890,2026-04-22,P003,C0246,3,Web
ORD01891,2024-04-21,P002,C0130,2,Web
ORD01892,2026-04-11,P002,C0474,2,Retail Partner
ORD01893,2024-06-12,P003,C0315,2,Web
ORD01894,2024-07-20,P002,C0411,3,Web
ORD01895,2025-11-08,P005,C0283,2,Web
ORD01896,2025-08-18,P002,C0079,1,Retail Partner
ORD01897,2026-06-01,P002,C0072,2,Web
ORD01898,2024-07-18,P001,C0263,2,App
ORD01899,2026-01-09,P003,C0191,3,Retail Partner
ORD01900,2024-03-11,P003,C0367,2,Web
ORD01901,2026-05-09,P002,C0375,4,Web
ORD01902,2025-05-03,P001,C0430,1,Web
ORD01903,2024-07-07,P003,C0063,3,App
ORD01904,2025-08-15,P002,C0488,1,App
ORD01905,2025-03-16,P003,C0380,4,Web
ORD01906,2024-08-09,P003,C0012,3,App
ORD01907,2026-03-19,P002,C0141,3,Web
ORD01908,2026-05-07,P002,C0254,2,Web
ORD01909,2025-01-17,P006,C0043,1,App
ORD01910,2024-08-04,P003,C0017,4,Retail Partner
ORD01911,2025-01-03,P003,C0063,4,Web
ORD01912,2024-09-08,P002,C0253,3,Retail Partner
ORD01913,2024-02-13,P003,C0465,2,App
ORD01914,2025-01-29,P001,C0376,3,Retail Partner
ORD01915,2025-10-05,P003,C0292,3,App
ORD01916,2024-09-26,P006,C0469,3,Retail Partner
ORD01917,2025-07-21,P002,C0008,3,Web
ORD01918,2026-06-16,P001,C0325,4,App
ORD01919,2024-04-22,P001,C0090,4,Web
ORD01920,2025-11-25,P002,C0208,3,App
ORD01921,2024-06-10,P002,C0292,3,Web
ORD01922,2025-01-01,P001,C0284,2,Retail Partner
ORD01923,2026-05-12,P005,C0118,3,Web
ORD01924,2025-01-02,P003,C0349,4,Web
ORD01925,2025-09-23,P002,C0175,1,Web
ORD01926,2024-11-21,P006,C0076,4,App
ORD01927,2026-03-16,P002,C0101,2,App
ORD01928,2025-09-07,P006,C0414,4,Web
ORD01929,2025-05-23,P002,C0151,1,App
ORD01930,2024-05-31,P005,C0400,3,App
ORD01931,2024-08-27,P003,C0270,1,Retail Partner
ORD01932,2024-03-02,P005,C0458,3,Web
ORD01933,2024-11-22,P006,C0071,3,App
ORD01934,2025-05-14,P002,C0493,4,Web
ORD01935,2024-12-06,P006,C0180,4,App
ORD01936,2025-10-18,P002,C0124,4,App
ORD01937,2025-03-22,P002,C0381,2,App
ORD01938,2024-02-11,P002,C0293,4,Retail Partner
ORD01939,2025-01-27,P003,C0285,2,Web
ORD01940,2024-04-14,P002,C0195,4,Web
ORD01941,2024-04-28,P003,C0399,3,Web
ORD01942,2025-08-16,P003,C0228,2,Web
ORD01943,2024-11-29,P005,C0431,1,Web
ORD01944,2025-02-21,P005,C0430,2,Retail Partner
ORD01945,2024-06-03,P003,C0436,2,App
ORD01946,2026-04-10,P002,C0275,1,Web
ORD01947,2024-05-20,P002,C0461,2,Web
ORD01948,2025-07-08,P002,C0106,3,Web
ORD01949,2024-05-10,P001,C0021,4,Web
ORD01950,2024-09-12,P002,C0064,1,Web
ORD01951,2024-06-26,P002,C0165,4,Retail Partner
ORD01952,2024-04-01,P006,C0027,3,Web
ORD01953,2024-09-15,P003,C0311,1,Retail Partner
ORD01954,2024-08-20,P002,C0500,4,Web
ORD01955,2024-03-05,P003,C0285,4,App
ORD01956,2024-10-09,P002,C0148,3,App
ORD01957,2026-03-06,P003,C0281,4,App
ORD01958,2024-10-16,P003,C0326,3,App
ORD01959,2024-03-03,P003,C0319,2,App
ORD01960,2024-06-05,P003,C0164,3,App
ORD01961,2024-09-01,P006,C0386,2,Retail Partner
ORD01962,2026-06-18,P005,C0406,1,Web
ORD01963,2025-01-27,P003,C0224,4,Web
ORD01964,2026-03-05,P003,C0272,3,Web
ORD01965,2025-02-24,P003,C0146,3,Retail Partner
ORD01966,2025-10-04,P002,C0453,4,Web
ORD01967,2025-05-23,P002,C0438,4,App
ORD01968,2025-06-28,P001,C0356,1,App
ORD01969,2026-03-01,P003,C0030,1,Web
ORD01970,2024-02-09,P003,C0045,3,Web
ORD01971,2024-10-10,P002,C0275,1,App
ORD01972,2025-04-11,P006,C0471,2,Web
ORD01973,2024-05-21,P006,C0034,1,Retail Partner
ORD01974,2024-12-24,P004,C0141,1,Web
ORD01975,2025-02-19,P003,C0427,3,Retail Partner
ORD01976,2025-01-07,P005,C0318,2,Web
ORD01977,2025-09-04,P002,C0374,1,App
ORD01978,2025-10-25,P005,C0221,2,Web
ORD01979,2024-03-27,P002,C0356,2,Web
ORD01980,2026-03-17,P005,C0022,2,Web
ORD01981,2025-02-22,P002,C0180,4,Web
ORD01982,2024-05-04,P005,C0436,4,App
ORD01983,2025-11-30,P006,C0367,4,Retail Partner
ORD01984,2024-11-01,P002,C0420,4,Web
ORD01985,2025-03-14,P003,C0329,3,Web
ORD01986,2024-09-09,P006,C0231,1,Web
ORD01987,2024-12-27,P003,C0499,4,Retail Partner
ORD01988,2024-10-23,P005,C0403,3,Retail Partner
ORD01989,2024-10-23,P003,C0038,1,Web
ORD01990,2025-01-05,P002,C0070,4,Retail Partner
ORD01991,2024-11-08,P002,C0116,1,Retail Partner
ORD01992,2025-08-20,P002,C0239,4,App
ORD01993,2025-06-29,P005,C0335,3,App
ORD01994,2026-05-21,P002,C0441,2,Retail Partner
ORD01995,2024-05-02,P003,C0148,2,Retail Partner
ORD01996,2025-02-19,P003,C0009,1,Web
ORD01997,2025-08-18,P003,C0288,3,App
ORD01998,2024-05-15,P005,C0388,2,Web
ORD01999,2025-05-23,P006,C0050,4,Web
ORD02000,2024-07-08,P003,C0338,2,Web
ORD02001,2024-02-25,P005,C0005,1,App
ORD02002,2026-01-28,P005,C0404,1,Web
ORD02003,2024-08-29,P003,C0343,3,Web
ORD02004,2024-08-08,P006,C0126,1,Web
ORD02005,2024-06-05,P002,C0075,2,Web
ORD02006,2024-09-26,P002,C0165,2,Web
ORD02007,2025-04-16,P005,C0278,2,App
ORD02008,2024-05-19,P003,C0442,2,App
ORD02009,2024-02-20,P005,C0324,3,Web
ORD02010,2025-05-11,P005,C0477,4,App
ORD02011,2026-05-10,P001,C0300,4,Retail Partner
ORD02012,2025-04-05,P005,C0290,3,Web
ORD02013,2026-01-06,P003,C0077,1,Retail Partner
ORD02014,2025-04-14,P003,C0298,4,App
ORD02015,2025-04-13,P003,C0137,1,Web
ORD02016,2024-12-09,P006,C0106,4,Web
ORD02017,2026-05-07,P001,C0095,1,App
ORD02018,2024-05-24,P003,C0135,3,Retail Partner
ORD02019,2024-03-28,P003,C0068,2,Web
ORD02020,2026-04-15,P004,C0147,1,Web
ORD02021,2025-02-01,P003,C0490,2,Web
ORD02022,2025-02-26,P002,C0478,1,App
ORD02023,2025-02-05,P002,C0159,1,Web
ORD02024,2026-04-16,P002,C0384,1,Web
ORD02025,2025-09-01,P005,C0163,1,Retail Partner
ORD02026,2025-04-04,P002,C0441,1,Web
ORD02027,2025-08-26,P002,C0341,2,Web
ORD02028,2024-10-20,P006,C0189,1,Web
ORD02029,2024-03-27,P001,C0415,2,App
ORD02030,2026-04-06,P006,C0339,3,Web
ORD02031,2024-03-04,P003,C0095,4,Retail Partner
ORD02032,2025-07-17,P005,C0181,1,Web
ORD02033,2025-04-14,P002,C0288,4,Web
ORD02034,2025-01-02,P001,C0322,2,Web
ORD02035,2024-10-04,P004,C0187,3,Web
ORD02036,2024-02-18,P005,C0372,3,App
ORD02037,2025-11-04,P004,C0138,3,Web
ORD02038,2025-04-29,P002,C0130,4,Retail Partner
ORD02039,2024-06-15,P005,C0194,2,Web
ORD02040,2025-04-10,P005,C0316,1,App
ORD02041,2026-01-30,P003,C0472,1,Retail Partner
ORD02042,2025-06-04,P005,C0273,2,Retail Partner
ORD02043,2026-04-30,P005,C0352,4,Web
ORD02044,2025-04-18,P003,C0144,1,Web
ORD02045,2024-11-08,P001,C0016,2,Web
ORD02046,2024-11-20,P003,C0302,1,App
ORD02047,2025-09-20,P001,C0423,3,Web
ORD02048,2025-08-27,P003,C0245,1,Retail Partner
ORD02049,2024-02-13,P003,C0415,4,Retail Partner
ORD02050,2024-11-29,P001,C0107,2,Web
ORD02051,2025-09-22,P002,C0088,4,Retail Partner
ORD02052,2024-03-12,P002,C0129,2,Retail Partner
ORD02053,2026-04-10,P005,C0395,3,Retail Partner
ORD02054,2025-04-19,P006,C0375,2,Web
ORD02055,2024-04-13,P001,C0341,1,Web
ORD02056,2025-02-13,P006,C0004,1,Web
ORD02057,2024-08-17,P003,C0327,3,App
ORD02058,2025-06-14,P002,C0410,2,Retail Partner
ORD02059,2024-07-10,P001,C0367,3,Web
ORD02060,2025-07-26,P003,C0306,1,App
ORD02061,2025-05-03,P005,C0396,4,Web
ORD02062,2026-05-15,P004,C0095,3,App
ORD02063,2025-09-03,P001,C0209,4,App
ORD02064,2024-08-28,P001,C0225,4,App
ORD02065,2025-04-09,P003,C0459,2,App
ORD02066,2025-11-07,P002,C0348,3,Web
ORD02067,2024-07-10,P002,C0480,4,Web
ORD02068,2026-05-29,P002,C0321,4,Retail Partner
ORD02069,2024-06-12,P005,C0047,2,Web
ORD02070,2026-01-16,P006,C0476,2,Web
ORD02071,2025-07-18,P003,C0181,1,Retail Partner
ORD02072,2024-06-19,P006,C0106,4,Web
ORD02073,2025-05-23,P002,C0199,1,App
ORD02074,2024-06-20,P003,C0386,4,App
ORD02075,2026-05-15,P002,C0106,1,App
ORD02076,2025-02-27,P003,C0280,2,Retail Partner
ORD02077,2026-02-28,P006,C0260,3,App
ORD02078,2026-06-12,P003,C0108,2,App
ORD02079,2026-01-29,P002,C0019,1,Retail Partner
ORD02080,2024-07-06,P003,C0410,1,Web
ORD02081,2025-05-17,P002,C0459,3,App
ORD02082,2025-01-23,P005,C0296,4,App
ORD02083,2025-02-25,P003,C0306,1,Web
ORD02084,2025-03-05,P003,C0171,1,Web
ORD02085,2026-03-28,P003,C0331,1,Retail Partner
ORD02086,2024-08-20,P003,C0493,3,Web
ORD02087,2025-09-29,P001,C0195,2,App
ORD02088,2025-06-15,P003,C0012,1,App
ORD02089,2026-03-16,P002,C0195,3,Web
ORD02090,2024-09-27,P004,C0490,1,Retail Partner
ORD02091,2024-05-04,P005,C0283,4,Web
ORD02092,2025-06-11,P005,C0369,3,Retail Partner
ORD02093,2024-02-08,P003,C0182,1,Web
ORD02094,2024-05-21,P003,C0450,3,Retail Partner
ORD02095,2024-11-03,P002,C0305,1,Web
ORD02096,2024-09-19,P005,C0144,2,Web
ORD02097,2025-02-28,P002,C0386,1,Web
ORD02098,2026-01-14,P003,C0316,3,Web
ORD02099,2024-10-13,P002,C0182,4,Web
ORD02100,2025-05-07,P002,C0030,4,Web
ORD02101,2025-11-14,P003,C0084,4,Web
ORD02102,2025-12-17,P001,C0166,1,App
ORD02103,2024-11-18,P004,C0284,2,App
ORD02104,2025-03-04,P002,C0281,1,App
ORD02105,2026-04-19,P001,C0096,4,App
ORD02106,2025-06-14,P003,C0381,3,Web
ORD02107,2025-08-11,P001,C0266,4,Web
ORD02108,2024-02-15,P002,C0444,3,Web
ORD02109,2026-05-23,P004,C0298,2,App
ORD02110,2024-12-12,P001,C0296,3,App
ORD02111,2025-10-16,P005,C0225,1,Web
ORD02112,2025-09-22,P001,C0333,1,Web
ORD02113,2024-11-22,P002,C0361,1,Web
ORD02114,2024-07-24,P004,C0374,3,Retail Partner
ORD02115,2024-11-22,P002,C0042,1,Retail Partner
ORD02116,2024-06-07,P002,C0303,1,Web
ORD02117,2024-04-27,P002,C0421,1,Web
ORD02118,2026-06-12,P002,C0246,2,Retail Partner
ORD02119,2025-08-12,P005,C0208,3,Retail Partner
ORD02120,2025-06-30,P002,C0237,3,Web
ORD02121,2025-01-31,P005,C0022,4,App
ORD02122,2025-12-29,P005,C0185,3,Web
ORD02123,2025-02-27,P003,C0468,2,App
ORD02124,2024-11-21,P006,C0242,3,App
ORD02125,2025-11-27,P002,C0363,2,Web
ORD02126,2024-02-24,P006,C0283,2,Web
ORD02127,2025-12-30,P001,C0041,3,Retail Partner
ORD02128,2026-02-21,P003,C0336,4,Web
ORD02129,2024-09-09,P003,C0162,1,App
ORD02130,2026-04-02,P002,C0160,1,Retail Partner
ORD02131,2024-11-02,P003,C0474,3,App
ORD02132,2025-06-23,P004,C0089,3,Web
ORD02133,2025-03-06,P001,C0322,2,Web
ORD02134,2024-06-05,P002,C0012,3,Retail Partner
ORD02135,2024-11-18,P004,C0424,2,Web
ORD02136,2026-03-28,P003,C0073,4,Retail Partner
ORD02137,2025-04-16,P006,C0076,3,App
ORD02138,2026-05-18,P005,C0346,1,Web
ORD02139,2026-01-21,P006,C0201,1,Retail Partner
ORD02140,2025-06-07,P004,C0010,3,Web
ORD02141,2025-02-26,P002,C0352,2,Web
ORD02142,2026-04-18,P002,C0226,1,App
ORD02143,2024-06-30,P005,C0176,2,App
ORD02144,2024-12-09,P003,C0276,3,Web
ORD02145,2025-05-09,P001,C0039,3,App
ORD02146,2025-09-04,P002,C0060,1,Web
ORD02147,2026-01-24,P006,C0066,3,Web
ORD02148,2024-05-22,P003,C0321,4,Web
ORD02149,2025-09-04,P003,C0435,4,App
ORD02150,2025-05-07,P003,C0124,1,Web
ORD02151,2025-11-22,P002,C0164,4,Web
ORD02152,2025-01-11,P002,C0408,2,Web
ORD02153,2026-03-16,P002,C0411,1,Retail Partner
ORD02154,2024-12-02,P001,C0386,1,Web
ORD02155,2025-10-15,P005,C0159,2,Web
ORD02156,2024-03-10,P003,C0057,4,Web
ORD02157,2024-03-02,P005,C0078,4,Retail Partner
ORD02158,2024-11-26,P005,C0194,4,Retail Partner
ORD02159,2026-03-20,P002,C0285,1,Web
ORD02160,2024-05-22,P003,C0015,1,Retail Partner
ORD02161,2024-03-16,P003,C0012,4,Web
ORD02162,2024-07-19,P005,C0101,3,App
ORD02163,2025-07-06,P002,C0156,4,Web
ORD02164,2024-11-04,P003,C0340,2,Web
ORD02165,2026-03-20,P003,C0125,1,Web
ORD02166,2025-05-12,P002,C0359,2,App
ORD02167,2024-09-01,P002,C0280,2,App
ORD02168,2025-06-07,P003,C0405,1,Web
ORD02169,2026-03-02,P004,C0394,3,Retail Partner
ORD02170,2024-09-23,P002,C0110,4,Web
ORD02171,2025-09-08,P003,C0334,2,Web
ORD02172,2025-01-03,P002,C0357,1,Web
ORD02173,2025-01-04,P004,C0146,2,Retail Partner
ORD02174,2026-01-02,P002,C0216,4,Retail Partner
ORD02175,2024-11-06,P005,C0398,3,Web
ORD02176,2026-04-05,P002,C0162,3,Web
ORD02177,2025-01-25,P002,C0128,3,Web
ORD02178,2025-10-18,P001,C0314,1,Web
ORD02179,2024-07-01,P002,C0332,1,Web
ORD02180,2025-09-22,P003,C0150,3,Web
ORD02181,2026-03-18,P002,C0454,4,Web
ORD02182,2025-04-30,P005,C0036,4,Web
ORD02183,2025-07-26,P001,C0173,1,Web
ORD02184,2024-02-19,P002,C0420,3,Web
ORD02185,2025-08-14,P002,C0022,4,Web
ORD02186,2025-01-27,P001,C0206,4,Retail Partner
ORD02187,2024-04-24,P002,C0127,4,Web
ORD02188,2026-04-10,P003,C0336,1,Retail Partner
ORD02189,2024-08-04,P003,C0445,3,Web
ORD02190,2025-09-18,P003,C0356,2,Web
ORD02191,2024-06-22,P003,C0440,3,Web
ORD02192,2026-05-21,P003,C0217,3,Web
ORD02193,2024-05-17,P001,C0096,1,Web
ORD02194,2025-08-14,P003,C0417,4,App
ORD02195,2024-11-16,P006,C0429,4,Web
ORD02196,2025-09-20,P003,C0164,1,Web
ORD02197,2024-06-02,P003,C0148,1,Retail Partner
ORD02198,2024-03-08,P002,C0018,1,Web
ORD02199,2024-04-04,P005,C0294,1,App
ORD02200,2026-02-25,P005,C0195,1,Web
ORD02201,2024-04-16,P003,C0151,2,App
ORD02202,2024-11-19,P006,C0480,3,Web
ORD02203,2025-05-18,P002,C0365,3,Web
ORD02204,2025-03-21,P001,C0123,3,App
ORD02205,2024-02-04,P005,C0400,4,Web
ORD02206,2025-08-20,P005,C0187,2,Web
ORD02207,2026-02-17,P002,C0453,3,Retail Partner
ORD02208,2024-06-14,P002,C0452,4,Web
ORD02209,2025-08-30,P001,C0149,2,Web
ORD02210,2025-06-29,P002,C0104,2,Retail Partner
ORD02211,2025-06-20,P005,C0243,4,Web
ORD02212,2026-01-24,P003,C0462,2,App
ORD02213,2025-12-06,P002,C0231,4,App
ORD02214,2026-02-28,P002,C0479,3,Web
ORD02215,2024-07-17,P001,C0206,4,Web
ORD02216,2024-03-23,P002,C0198,2,Web
ORD02217,2025-10-01,P003,C0396,3,Web
ORD02218,2026-03-05,P006,C0400,3,App
ORD02219,2024-11-12,P005,C0337,1,Web
ORD02220,2024-06-20,P001,C0493,1,Web
ORD02221,2024-10-08,P005,C0087,2,App
ORD02222,2026-03-01,P005,C0142,4,App
ORD02223,2026-02-23,P005,C0317,4,Web
ORD02224,2025-10-21,P003,C0199,2,Web
ORD02225,2025-05-25,P002,C0046,3,Retail Partner
ORD02226,2024-05-11,P002,C0288,2,App
ORD02227,2024-05-27,P001,C0015,2,Retail Partner
ORD02228,2024-09-27,P002,C0044,3,Web
ORD02229,2024-09-14,P002,C0401,4,Web
ORD02230,2025-01-17,P003,C0169,2,Web
ORD02231,2024-06-13,P004,C0310,4,Web
ORD02232,2026-04-26,P003,C0495,2,App
ORD02233,2024-06-25,P001,C0044,3,App
ORD02234,2026-04-10,P006,C0098,3,App
ORD02235,2024-08-17,P006,C0261,1,Web
ORD02236,2025-06-01,P005,C0109,3,Retail Partner
ORD02237,2024-10-16,P006,C0283,1,App
ORD02238,2025-06-11,P003,C0372,2,Retail Partner
ORD02239,2026-03-27,P006,C0343,4,Web
ORD02240,2026-03-11,P001,C0104,3,Web
ORD02241,2025-07-27,P002,C0256,3,App
ORD02242,2025-03-15,P002,C0379,3,Web
ORD02243,2025-03-09,P002,C0206,2,App
ORD02244,2026-05-26,P002,C0335,1,Web
ORD02245,2026-05-18,P003,C0043,2,Retail Partner
ORD02246,2025-07-21,P005,C0353,4,Retail Partner
ORD02247,2025-12-11,P003,C0245,2,Retail Partner
ORD02248,2025-07-12,P002,C0287,4,Web
ORD02249,2024-05-13,P005,C0355,3,App
ORD02250,2025-02-16,P003,C0273,4,Retail Partner
ORD02251,2025-02-28,P002,C0476,4,Web
ORD02252,2025-06-09,P003,C0083,1,Retail Partner
ORD02253,2024-04-26,P002,C0110,4,Web
ORD02254,2025-04-17,P002,C0438,4,Web
ORD02255,2024-02-03,P006,C0190,2,Web
ORD02256,2026-05-10,P002,C0471,3,App
ORD02257,2025-10-14,P003,C0288,2,Web
ORD02258,2025-01-30,P005,C0424,2,Retail Partner
ORD02259,2025-07-28,P004,C0397,3,Web
ORD02260,2024-03-27,P001,C0251,3,Web
ORD02261,2024-05-20,P002,C0212,4,App
ORD02262,2024-09-11,P001,C0291,4,Retail Partner
ORD02263,2026-03-13,P003,C0133,1,App
ORD02264,2026-01-20,P003,C0201,2,Web
ORD02265,2026-05-18,P002,C0285,3,Web
ORD02266,2024-02-20,P006,C0326,4,App
ORD02267,2025-01-30,P003,C0409,3,Retail Partner
ORD02268,2024-08-16,P002,C0095,4,Web
ORD02269,2026-04-16,P003,C0278,1,Web
ORD02270,2025-12-27,P003,C0450,1,App
ORD02271,2026-06-01,P001,C0429,3,Web
ORD02272,2025-03-07,P002,C0325,1,Retail Partner
ORD02273,2025-02-15,P005,C0219,3,Web
ORD02274,2025-12-21,P003,C0089,4,Web
ORD02275,2025-11-19,P003,C0072,2,App
ORD02276,2024-09-19,P003,C0247,1,Web
ORD02277,2024-07-06,P001,C0129,4,Web
ORD02278,2026-05-16,P002,C0212,2,App
ORD02279,2026-01-24,P003,C0428,2,Web
ORD02280,2025-09-09,P002,C0343,2,Web
ORD02281,2025-09-04,P001,C0096,4,Retail Partner
ORD02282,2024-11-13,P005,C0075,4,Web
ORD02283,2026-01-02,P006,C0423,3,Web
ORD02284,2025-11-26,P005,C0495,2,Web
ORD02285,2024-09-16,P005,C0054,2,Web
ORD02286,2024-11-11,P002,C0344,2,Retail Partner
ORD02287,2025-02-16,P006,C0459,3,Retail Partner
ORD02288,2026-02-26,P002,C0413,2,Web
ORD02289,2026-02-12,P006,C0054,4,Retail Partner
ORD02290,2024-02-12,P006,C0218,2,App
ORD02291,2026-05-30,P004,C0016,1,Web
ORD02292,2024-07-02,P006,C0099,4,Retail Partner
ORD02293,2025-03-22,P003,C0020,3,Web
ORD02294,2025-01-10,P002,C0046,2,App
ORD02295,2025-10-07,P003,C0451,1,App
ORD02296,2024-12-25,P003,C0193,3,Web
ORD02297,2024-05-29,P001,C0383,3,Web
ORD02298,2024-09-08,P003,C0058,4,Web
ORD02299,2025-03-04,P006,C0437,3,Web
ORD02300,2025-08-19,P002,C0111,3,Web
ORD02301,2025-04-01,P005,C0129,3,App
ORD02302,2025-04-12,P006,C0337,3,Web
ORD02303,2025-11-16,P006,C0194,2,Web
ORD02304,2024-11-18,P006,C0413,2,Retail Partner
ORD02305,2026-02-16,P003,C0340,2,Web
ORD02306,2024-12-07,P006,C0326,2,App
ORD02307,2024-10-13,P005,C0008,1,App
ORD02308,2024-02-14,P002,C0029,2,Web
ORD02309,2026-05-25,P003,C0112,3,Web
ORD02310,2024-08-28,P004,C0435,2,Web
ORD02311,2024-09-06,P002,C0161,2,Retail Partner
ORD02312,2025-09-26,P003,C0131,4,Web
ORD02313,2026-02-25,P003,C0188,3,Retail Partner
ORD02314,2025-04-19,P002,C0163,2,App
ORD02315,2026-04-25,P003,C0197,2,Web
ORD02316,2024-03-19,P005,C0475,2,App
ORD02317,2024-10-04,P003,C0364,1,Web
ORD02318,2026-06-14,P001,C0204,2,App
ORD02319,2025-05-30,P001,C0212,4,Web
ORD02320,2024-11-30,P002,C0109,3,Retail Partner
ORD02321,2025-01-21,P006,C0276,3,Web
ORD02322,2024-04-14,P002,C0073,2,App
ORD02323,2024-08-17,P003,C0167,2,Web
ORD02324,2026-05-04,P002,C0260,2,Web
ORD02325,2025-11-04,P002,C0243,3,Web
ORD02326,2025-03-31,P005,C0275,3,Web
ORD02327,2025-11-21,P004,C0102,1,Retail Partner
ORD02328,2025-06-09,P001,C0475,4,App
ORD02329,2026-04-13,P003,C0173,1,Web
ORD02330,2025-05-08,P001,C0171,4,Web
ORD02331,2025-01-30,P003,C0141,1,Web
ORD02332,2026-02-02,P003,C0397,3,Web
ORD02333,2025-09-11,P002,C0188,1,Web
ORD02334,2024-02-21,P002,C0441,4,Web
ORD02335,2026-03-16,P002,C0086,2,Web
ORD02336,2026-06-08,P006,C0476,4,Web
ORD02337,2026-01-17,P006,C0052,2,App
ORD02338,2025-10-30,P001,C0111,3,Web
ORD02339,2024-07-08,P005,C0437,4,Web
ORD02340,2026-05-29,P002,C0365,1,Retail Partner
ORD02341,2024-03-26,P002,C0342,4,Retail Partner
ORD02342,2024-10-01,P005,C0043,2,Web
ORD02343,2025-11-12,P006,C0211,3,Retail Partner
ORD02344,2025-01-29,P006,C0456,1,App
ORD02345,2025-07-13,P003,C0500,4,Web
ORD02346,2025-03-24,P002,C0200,2,Web
ORD02347,2025-03-03,P005,C0298,1,Web
ORD02348,2024-08-05,P002,C0346,3,Web
ORD02349,2025-05-18,P003,C0240,1,Web
ORD02350,2026-01-11,P002,C0115,3,Retail Partner
ORD02351,2024-06-09,P003,C0026,1,Web
ORD02352,2025-08-26,P002,C0407,4,Web
ORD02353,2024-03-09,P002,C0299,2,Web
ORD02354,2025-05-16,P006,C0077,4,Web
ORD02355,2025-05-31,P002,C0412,4,Retail Partner
ORD02356,2025-09-11,P003,C0137,3,Web
ORD02357,2025-04-21,P002,C0020,3,App
ORD02358,2024-02-21,P001,C0440,3,Web
ORD02359,2024-10-15,P001,C0211,4,Web
ORD02360,2025-10-29,P002,C0240,1,App
ORD02361,2026-05-16,P005,C0039,1,Web
ORD02362,2024-10-22,P002,C0435,4,Web
ORD02363,2024-09-23,P006,C0268,4,Retail Partner
ORD02364,2025-02-09,P003,C0207,2,Web
ORD02365,2026-01-02,P003,C0479,3,App
ORD02366,2026-01-10,P003,C0439,3,App
ORD02367,2026-03-04,P003,C0462,4,Web
ORD02368,2024-07-15,P005,C0267,4,Web
ORD02369,2024-07-17,P002,C0154,1,Web
ORD02370,2024-07-06,P002,C0042,4,Web
ORD02371,2024-06-04,P005,C0411,1,Retail Partner
ORD02372,2024-10-04,P006,C0011,4,Retail Partner
ORD02373,2025-03-09,P005,C0294,2,Web
ORD02374,2024-11-20,P003,C0098,2,Web
ORD02375,2026-03-13,P005,C0427,1,Web
ORD02376,2024-11-20,P003,C0275,3,Web
ORD02377,2026-05-26,P003,C0448,2,App
ORD02378,2025-05-31,P002,C0390,1,Web
ORD02379,2024-11-27,P003,C0430,4,App
ORD02380,2024-08-22,P002,C0372,4,Retail Partner
ORD02381,2024-06-05,P002,C0230,1,Retail Partner
ORD02382,2025-02-02,P005,C0369,3,Web
ORD02383,2025-09-16,P002,C0426,1,Retail Partner
ORD02384,2026-03-23,P001,C0220,1,Retail Partner
ORD02385,2025-03-18,P001,C0065,2,Retail Partner
ORD02386,2025-12-24,P006,C0355,1,Web
ORD02387,2025-02-07,P003,C0232,1,Web
ORD02388,2025-07-14,P003,C0328,4,Retail Partner
ORD02389,2026-01-27,P005,C0443,2,Web
ORD02390,2026-04-09,P005,C0052,4,Web
ORD02391,2024-06-10,P002,C0374,4,App
ORD02392,2025-10-01,P003,C0431,3,Web
ORD02393,2026-05-18,P005,C0376,3,Web
ORD02394,2025-04-11,P003,C0263,2,Web
ORD02395,2024-03-03,P002,C0267,2,Retail Partner
ORD02396,2025-09-20,P005,C0359,3,Web
ORD02397,2025-10-21,P003,C0317,3,Retail Partner
ORD02398,2024-09-30,P002,C0324,3,Web
ORD02399,2025-08-27,P003,C0409,3,Web
ORD02400,2024-11-12,P001,C0396,3,Retail Partner
ORD02401,2025-06-08,P002,C0154,4,Web
ORD02402,2024-07-07,P005,C0358,2,App
ORD02403,2025-12-26,P001,C0366,4,Web
ORD02404,2025-12-03,P003,C0140,4,Web
ORD02405,2024-05-31,P003,C0427,1,Web
ORD02406,2024-04-19,P001,C0051,4,Web
ORD02407,2025-03-17,P006,C0117,3,App
ORD02408,2025-08-08,P002,C0421,3,App
ORD02409,2025-09-27,P002,C0046,1,Web
ORD02410,2025-08-22,P002,C0309,1,Web
ORD02411,2026-04-28,P002,C0088,1,Retail Partner
ORD02412,2026-06-16,P001,C0208,1,Web
ORD02413,2024-12-01,P004,C0377,1,Web
ORD02414,2025-10-17,P006,C0269,4,App
ORD02415,2024-10-12,P002,C0089,1,App
ORD02416,2025-09-19,P003,C0381,4,App
ORD02417,2024-04-06,P004,C0118,2,Retail Partner
ORD02418,2025-01-05,P005,C0054,1,Retail Partner
ORD02419,2024-08-04,P003,C0441,1,Web
ORD02420,2026-05-14,P002,C0116,4,Web
ORD02421,2024-05-29,P002,C0118,2,Web
ORD02422,2025-04-20,P004,C0260,4,Retail Partner
ORD02423,2025-07-20,P005,C0075,4,Retail Partner
ORD02424,2024-06-26,P002,C0480,1,App
ORD02425,2025-03-25,P002,C0305,3,App
ORD02426,2026-04-11,P006,C0007,3,App
ORD02427,2025-05-14,P005,C0366,4,App
ORD02428,2025-09-15,P006,C0122,1,Web
ORD02429,2025-09-19,P005,C0011,2,Retail Partner
ORD02430,2025-06-25,P002,C0348,3,Web
ORD02431,2025-02-08,P003,C0438,2,Web
ORD02432,2024-07-25,P003,C0489,3,App
ORD02433,2025-12-21,P001,C0215,1,App
ORD02434,2026-06-05,P003,C0429,4,Web
ORD02435,2025-11-02,P004,C0279,2,Web
ORD02436,2024-04-25,P002,C0498,2,Retail Partner
ORD02437,2026-04-23,P005,C0028,4,Retail Partner
ORD02438,2024-09-13,P003,C0235,2,App
ORD02439,2025-04-06,P006,C0367,3,Web
ORD02440,2024-04-03,P001,C0313,4,Web
ORD02441,2025-09-27,P002,C0026,3,Web
ORD02442,2025-04-29,P003,C0409,3,Web
ORD02443,2024-03-05,P002,C0054,1,Web
ORD02444,2024-12-06,P004,C0029,3,App
ORD02445,2026-02-21,P005,C0467,1,Web
ORD02446,2025-05-07,P002,C0353,2,Web
ORD02447,2025-07-04,P003,C0164,2,Web
ORD02448,2025-01-15,P003,C0270,1,Web
ORD02449,2026-01-19,P002,C0334,3,App
ORD02450,2025-10-09,P006,C0035,4,Retail Partner
ORD02451,2024-06-11,P005,C0286,4,Retail Partner
ORD02452,2024-05-09,P003,C0348,1,Web
ORD02453,2025-08-26,P004,C0273,2,Web
ORD02454,2025-09-06,P003,C0451,2,Web
ORD02455,2026-01-05,P006,C0208,4,Web
ORD02456,2025-09-24,P003,C0238,1,App
ORD02457,2026-01-24,P004,C0414,4,Web
ORD02458,2026-05-01,P005,C0500,3,Retail Partner
ORD02459,2025-04-12,P002,C0093,3,Web
ORD02460,2025-05-25,P005,C0173,1,Retail Partner
ORD02461,2026-05-27,P002,C0079,1,App
ORD02462,2024-07-18,P002,C0110,3,Retail Partner
ORD02463,2024-08-16,P002,C0217,2,Web
ORD02464,2024-09-24,P006,C0435,1,App
ORD02465,2024-08-19,P005,C0358,3,Retail Partner
ORD02466,2025-07-24,P004,C0106,3,Web
ORD02467,2025-05-12,P004,C0047,2,Web
ORD02468,2025-04-23,P003,C0181,2,Retail Partner
ORD02469,2024-07-15,P006,C0064,2,Retail Partner
ORD02470,2025-03-17,P003,C0246,2,Web
ORD02471,2025-01-10,P002,C0244,4,Web
ORD02472,2025-09-26,P002,C0422,2,App
ORD02473,2026-05-21,P005,C0320,4,Web
ORD02474,2026-01-16,P004,C0087,1,Web
ORD02475,2025-08-18,P002,C0217,3,Web
ORD02476,2024-08-09,P001,C0490,4,App
ORD02477,2025-05-25,P005,C0007,1,Web
ORD02478,2024-11-27,P001,C0278,1,Retail Partner
ORD02479,2026-01-11,P004,C0337,4,Web
ORD02480,2024-06-16,P006,C0210,1,Retail Partner
ORD02481,2025-11-14,P003,C0497,1,App
ORD02482,2026-01-24,P002,C0169,4,Web
ORD02483,2026-03-26,P004,C0330,1,Web
ORD02484,2024-03-25,P005,C0138,2,Web
ORD02485,2025-01-22,P003,C0441,2,Web
ORD02486,2024-08-25,P006,C0391,3,App
ORD02487,2026-04-01,P001,C0496,1,Web
ORD02488,2026-02-13,P003,C0381,3,Retail Partner
ORD02489,2026-01-13,P004,C0306,2,Web
ORD02490,2025-09-21,P005,C0230,2,Web
ORD02491,2024-07-20,P002,C0475,2,Web
ORD02492,2025-01-08,P005,C0308,1,Web
ORD02493,2025-06-01,P003,C0161,1,Web
ORD02494,2025-06-30,P002,C0001,2,Retail Partner
ORD02495,2026-02-22,P002,C0236,3,Web
ORD02496,2026-03-03,P005,C0437,3,Web
ORD02497,2024-09-06,P002,C0188,4,Retail Partner
ORD02498,2026-04-04,P002,C0418,2,App
ORD02499,2024-06-13,P002,C0004,3,Web
ORD02500,2025-07-09,P005,C0401,2,Retail Partner
